user_id,event,timestamp,value
1,page_view,2024-01-29 14:42:00,0.0
1,sign_up,2024-01-29 16:06:00,0.0
1,add_to_cart,2024-01-29 17:22:00,0.0
2,page_view,2024-01-24 02:21:00,0.0
3,page_view,2024-01-30 05:01:00,0.0
4,page_view,2024-01-22 11:24:00,0.0
4,sign_up,2024-01-22 12:07:00,0.0
4,add_to_cart,2024-01-22 13:08:00,0.0
4,checkout,2024-01-22 14:11:00,0.0
4,purchase,2024-01-22 15:14:00,95.88
5,page_view,2024-01-03 04:50:00,0.0
5,search,2024-01-03 05:11:00,0.0
5,product_view,2024-01-03 05:18:00,0.0
6,page_view,2024-01-14 17:57:00,0.0
6,sign_up,2024-01-14 18:00:00,0.0
7,page_view,2024-01-07 11:07:00,0.0
7,product_view,2024-01-07 11:10:00,0.0
7,product_view,2024-01-07 11:27:00,0.0
8,page_view,2024-01-02 05:53:00,0.0
8,product_view,2024-01-02 05:57:00,0.0
8,sign_up,2024-01-02 06:16:00,0.0
9,page_view,2024-02-03 09:35:00,0.0
9,category_view,2024-02-03 09:51:00,0.0
9,sign_up,2024-02-03 11:19:00,0.0
10,page_view,2024-01-21 15:44:00,0.0
10,search,2024-01-21 15:59:00,0.0
10,sign_up,2024-01-21 17:00:00,0.0
11,page_view,2024-01-29 14:44:00,0.0
11,sign_up,2024-01-29 14:54:00,0.0
12,page_view,2024-01-08 23:10:00,0.0
12,category_view,2024-01-08 23:27:00,0.0
12,search,2024-01-08 23:30:00,0.0
13,page_view,2024-01-28 06:08:00,0.0
13,category_view,2024-01-28 06:09:00,0.0
13,sign_up,2024-01-28 07:38:00,0.0
14,page_view,2024-01-22 02:00:00,0.0
14,category_view,2024-01-22 02:05:00,0.0
14,category_view,2024-01-22 02:19:00,0.0
15,page_view,2024-01-26 22:13:00,0.0
15,search,2024-01-26 22:40:00,0.0
15,category_view,2024-01-26 22:55:00,0.0
15,sign_up,2024-01-27 00:13:00,0.0
15,add_to_cart,2024-01-27 01:06:00,0.0
15,checkout,2024-01-27 01:11:00,0.0
16,page_view,2024-01-23 06:44:00,0.0
16,search,2024-01-23 06:55:00,0.0
16,search,2024-01-23 06:59:00,0.0
16,sign_up,2024-01-23 07:59:00,0.0
17,page_view,2024-01-28 01:41:00,0.0
17,sign_up,2024-01-28 01:48:00,0.0
18,page_view,2024-01-20 10:57:00,0.0
18,search,2024-01-20 11:25:00,0.0
18,product_view,2024-01-20 11:32:00,0.0
18,sign_up,2024-01-20 12:00:00,0.0
18,add_to_cart,2024-01-20 13:18:00,0.0
19,page_view,2024-01-06 07:26:00,0.0
19,sign_up,2024-01-06 08:18:00,0.0
19,add_to_cart,2024-01-06 08:43:00,0.0
20,page_view,2024-02-01 23:40:00,0.0
20,sign_up,2024-02-02 00:39:00,0.0
21,page_view,2024-01-02 02:48:00,0.0
21,sign_up,2024-01-02 04:10:00,0.0
21,add_to_cart,2024-01-02 04:13:00,0.0
21,checkout,2024-01-02 05:08:00,0.0
21,purchase,2024-01-02 05:10:00,111.03
22,page_view,2024-01-02 20:43:00,0.0
22,category_view,2024-01-02 20:49:00,0.0
23,page_view,2024-01-11 23:58:00,0.0
24,page_view,2024-01-24 04:51:00,0.0
24,product_view,2024-01-24 04:57:00,0.0
24,sign_up,2024-01-24 05:14:00,0.0
25,page_view,2024-01-06 15:28:00,0.0
25,category_view,2024-01-06 15:48:00,0.0
25,category_view,2024-01-06 15:52:00,0.0
26,page_view,2024-01-19 19:31:00,0.0
26,search,2024-01-19 19:51:00,0.0
26,category_view,2024-01-19 19:52:00,0.0
27,page_view,2024-01-01 10:27:00,0.0
27,sign_up,2024-01-01 10:51:00,0.0
28,page_view,2024-02-04 06:59:00,0.0
28,search,2024-02-04 07:15:00,0.0
28,sign_up,2024-02-04 07:18:00,0.0
29,page_view,2024-01-12 04:36:00,0.0
29,search,2024-01-12 04:59:00,0.0
29,category_view,2024-01-12 05:08:00,0.0
30,page_view,2024-01-16 02:19:00,0.0
30,search,2024-01-16 02:43:00,0.0
31,page_view,2024-01-11 16:07:00,0.0
31,product_view,2024-01-11 16:15:00,0.0
31,sign_up,2024-01-11 16:41:00,0.0
31,add_to_cart,2024-01-11 18:04:00,0.0
31,checkout,2024-01-11 18:40:00,0.0
31,purchase,2024-01-11 19:22:00,86.85
32,page_view,2024-01-04 00:13:00,0.0
32,sign_up,2024-01-04 00:22:00,0.0
33,page_view,2024-01-17 00:47:00,0.0
33,product_view,2024-01-17 01:06:00,0.0
33,product_view,2024-01-17 01:29:00,0.0
33,sign_up,2024-01-17 02:08:00,0.0
34,page_view,2024-01-08 01:20:00,0.0
34,category_view,2024-01-08 01:21:00,0.0
34,sign_up,2024-01-08 02:31:00,0.0
34,add_to_cart,2024-01-08 03:20:00,0.0
34,checkout,2024-01-08 03:56:00,0.0
34,purchase,2024-01-08 04:14:00,397.93
35,page_view,2024-01-30 13:52:00,0.0
35,search,2024-01-30 13:55:00,0.0
36,page_view,2024-01-29 16:45:00,0.0
36,sign_up,2024-01-29 17:46:00,0.0
37,page_view,2024-01-21 22:32:00,0.0
37,search,2024-01-21 22:50:00,0.0
37,category_view,2024-01-21 23:00:00,0.0
38,page_view,2024-01-03 07:45:00,0.0
38,product_view,2024-01-03 08:00:00,0.0
38,sign_up,2024-01-03 08:28:00,0.0
38,add_to_cart,2024-01-03 08:46:00,0.0
39,page_view,2024-01-09 10:53:00,0.0
39,product_view,2024-01-09 11:22:00,0.0
39,product_view,2024-01-09 11:45:00,0.0
40,page_view,2024-01-25 23:12:00,0.0
40,search,2024-01-25 23:19:00,0.0
41,page_view,2024-01-20 00:07:00,0.0
41,product_view,2024-01-20 00:23:00,0.0
42,page_view,2024-01-23 14:27:00,0.0
42,category_view,2024-01-23 14:29:00,0.0
43,page_view,2024-01-25 21:57:00,0.0
43,search,2024-01-25 22:19:00,0.0
43,sign_up,2024-01-25 23:30:00,0.0
43,add_to_cart,2024-01-26 00:31:00,0.0
43,checkout,2024-01-26 00:40:00,0.0
43,purchase,2024-01-26 00:46:00,193.76
44,page_view,2024-01-06 12:31:00,0.0
44,category_view,2024-01-06 12:46:00,0.0
45,page_view,2024-01-16 12:49:00,0.0
45,search,2024-01-16 13:08:00,0.0
45,sign_up,2024-01-16 13:28:00,0.0
45,add_to_cart,2024-01-16 14:24:00,0.0
45,checkout,2024-01-16 15:27:00,0.0
46,page_view,2024-01-09 11:52:00,0.0
46,sign_up,2024-01-09 11:54:00,0.0
46,add_to_cart,2024-01-09 12:43:00,0.0
46,checkout,2024-01-09 12:45:00,0.0
47,page_view,2024-01-05 21:28:00,0.0
47,product_view,2024-01-05 21:31:00,0.0
47,category_view,2024-01-05 21:47:00,0.0
48,page_view,2024-01-29 13:27:00,0.0
48,sign_up,2024-01-29 14:30:00,0.0
49,page_view,2024-01-12 15:25:00,0.0
49,search,2024-01-12 15:41:00,0.0
49,sign_up,2024-01-12 16:15:00,0.0
50,page_view,2024-01-23 09:53:00,0.0
51,page_view,2024-01-31 09:57:00,0.0
51,search,2024-01-31 10:23:00,0.0
51,search,2024-01-31 10:47:00,0.0
52,page_view,2024-01-16 23:15:00,0.0
52,search,2024-01-16 23:17:00,0.0
52,category_view,2024-01-16 23:45:00,0.0
53,page_view,2024-01-12 17:34:00,0.0
53,sign_up,2024-01-12 18:26:00,0.0
54,page_view,2024-01-12 02:00:00,0.0
55,page_view,2024-01-29 12:11:00,0.0
55,product_view,2024-01-29 12:25:00,0.0
55,category_view,2024-01-29 12:54:00,0.0
56,page_view,2024-01-23 16:25:00,0.0
57,page_view,2024-01-26 01:50:00,0.0
57,sign_up,2024-01-26 02:49:00,0.0
58,page_view,2024-01-11 23:35:00,0.0
59,page_view,2024-01-10 04:08:00,0.0
59,category_view,2024-01-10 04:25:00,0.0
59,product_view,2024-01-10 04:41:00,0.0
59,sign_up,2024-01-10 05:06:00,0.0
60,page_view,2024-02-01 04:11:00,0.0
61,page_view,2024-01-23 02:40:00,0.0
61,search,2024-01-23 02:57:00,0.0
61,sign_up,2024-01-23 04:24:00,0.0
61,add_to_cart,2024-01-23 04:44:00,0.0
61,checkout,2024-01-23 04:57:00,0.0
62,page_view,2024-01-19 11:08:00,0.0
62,product_view,2024-01-19 11:36:00,0.0
62,category_view,2024-01-19 11:56:00,0.0
62,sign_up,2024-01-19 12:13:00,0.0
62,add_to_cart,2024-01-19 12:26:00,0.0
62,checkout,2024-01-19 13:52:00,0.0
62,purchase,2024-01-19 14:16:00,316.89
63,page_view,2024-01-14 04:34:00,0.0
63,category_view,2024-01-14 05:03:00,0.0
63,product_view,2024-01-14 05:14:00,0.0
64,page_view,2024-01-09 09:57:00,0.0
64,sign_up,2024-01-09 10:05:00,0.0
64,add_to_cart,2024-01-09 10:46:00,0.0
64,checkout,2024-01-09 11:37:00,0.0
65,page_view,2024-01-02 04:28:00,0.0
65,sign_up,2024-01-02 04:37:00,0.0
65,add_to_cart,2024-01-02 05:43:00,0.0
66,page_view,2024-01-17 06:24:00,0.0
67,page_view,2024-01-06 18:43:00,0.0
67,category_view,2024-01-06 18:50:00,0.0
67,sign_up,2024-01-06 19:10:00,0.0
67,add_to_cart,2024-01-06 20:18:00,0.0
67,checkout,2024-01-06 21:17:00,0.0
67,purchase,2024-01-06 22:30:00,64.66
68,page_view,2024-01-01 02:12:00,0.0
68,category_view,2024-01-01 02:37:00,0.0
68,sign_up,2024-01-01 03:03:00,0.0
69,page_view,2024-01-06 11:44:00,0.0
69,sign_up,2024-01-06 12:06:00,0.0
69,add_to_cart,2024-01-06 13:32:00,0.0
70,page_view,2024-02-04 18:19:00,0.0
70,sign_up,2024-02-04 19:09:00,0.0
71,page_view,2024-01-31 00:52:00,0.0
71,category_view,2024-01-31 01:14:00,0.0
72,page_view,2024-01-11 11:09:00,0.0
72,search,2024-01-11 11:21:00,0.0
72,sign_up,2024-01-11 11:58:00,0.0
73,page_view,2024-01-28 04:40:00,0.0
73,category_view,2024-01-28 05:02:00,0.0
73,search,2024-01-28 05:19:00,0.0
73,sign_up,2024-01-28 06:44:00,0.0
74,page_view,2024-01-29 12:45:00,0.0
74,product_view,2024-01-29 13:14:00,0.0
74,category_view,2024-01-29 13:32:00,0.0
75,page_view,2024-01-25 01:09:00,0.0
75,category_view,2024-01-25 01:27:00,0.0
75,sign_up,2024-01-25 02:01:00,0.0
76,page_view,2024-01-18 14:48:00,0.0
76,product_view,2024-01-18 15:09:00,0.0
76,product_view,2024-01-18 15:34:00,0.0
77,page_view,2024-01-13 00:33:00,0.0
77,sign_up,2024-01-13 00:35:00,0.0
77,add_to_cart,2024-01-13 01:31:00,0.0
78,page_view,2024-01-17 04:30:00,0.0
79,page_view,2024-01-23 04:52:00,0.0
80,page_view,2024-01-19 16:20:00,0.0
80,product_view,2024-01-19 16:29:00,0.0
80,sign_up,2024-01-19 17:15:00,0.0
81,page_view,2024-01-01 16:39:00,0.0
81,category_view,2024-01-01 17:07:00,0.0
81,sign_up,2024-01-01 17:34:00,0.0
82,page_view,2024-01-03 17:11:00,0.0
82,sign_up,2024-01-03 17:17:00,0.0
82,add_to_cart,2024-01-03 18:15:00,0.0
82,checkout,2024-01-03 19:03:00,0.0
82,purchase,2024-01-03 20:29:00,262.96
83,page_view,2024-01-11 18:38:00,0.0
83,product_view,2024-01-11 19:06:00,0.0
83,sign_up,2024-01-11 20:29:00,0.0
83,add_to_cart,2024-01-11 21:21:00,0.0
84,page_view,2024-02-02 23:14:00,0.0
84,product_view,2024-02-02 23:37:00,0.0
85,page_view,2024-01-05 03:09:00,0.0
85,sign_up,2024-01-05 04:34:00,0.0
86,page_view,2024-02-03 05:52:00,0.0
86,product_view,2024-02-03 06:05:00,0.0
87,page_view,2024-01-11 18:46:00,0.0
87,sign_up,2024-01-11 20:07:00,0.0
87,add_to_cart,2024-01-11 20:24:00,0.0
87,checkout,2024-01-11 20:29:00,0.0
87,purchase,2024-01-11 21:37:00,352.24
88,page_view,2024-01-27 17:57:00,0.0
88,search,2024-01-27 18:16:00,0.0
88,product_view,2024-01-27 18:21:00,0.0
88,sign_up,2024-01-27 19:23:00,0.0
88,add_to_cart,2024-01-27 20:34:00,0.0
88,checkout,2024-01-27 20:47:00,0.0
88,purchase,2024-01-27 21:22:00,68.92
89,page_view,2024-01-26 12:26:00,0.0
89,sign_up,2024-01-26 13:14:00,0.0
90,page_view,2024-01-30 10:47:00,0.0
90,sign_up,2024-01-30 11:24:00,0.0
91,page_view,2024-02-04 19:14:00,0.0
91,product_view,2024-02-04 19:38:00,0.0
91,product_view,2024-02-04 19:52:00,0.0
92,page_view,2024-01-14 23:01:00,0.0
92,sign_up,2024-01-15 00:01:00,0.0
92,add_to_cart,2024-01-15 00:09:00,0.0
92,checkout,2024-01-15 00:33:00,0.0
92,purchase,2024-01-15 00:52:00,190.02
93,page_view,2024-02-04 18:14:00,0.0
94,page_view,2024-01-28 09:38:00,0.0
95,page_view,2024-01-22 11:24:00,0.0
95,sign_up,2024-01-22 11:50:00,0.0
96,page_view,2024-01-03 08:44:00,0.0
96,category_view,2024-01-03 08:59:00,0.0
97,page_view,2024-01-08 07:48:00,0.0
97,search,2024-01-08 07:58:00,0.0
97,product_view,2024-01-08 08:03:00,0.0
98,page_view,2024-02-03 23:58:00,0.0
98,sign_up,2024-02-04 00:32:00,0.0
98,add_to_cart,2024-02-04 00:54:00,0.0
98,checkout,2024-02-04 00:59:00,0.0
99,page_view,2024-01-30 23:54:00,0.0
99,sign_up,2024-01-31 00:26:00,0.0
99,add_to_cart,2024-01-31 01:03:00,0.0
100,page_view,2024-01-06 01:19:00,0.0
100,category_view,2024-01-06 01:23:00,0.0
100,product_view,2024-01-06 01:29:00,0.0
100,sign_up,2024-01-06 02:21:00,0.0
101,page_view,2024-01-02 14:10:00,0.0
101,search,2024-01-02 14:29:00,0.0
102,page_view,2024-01-06 21:03:00,0.0
102,search,2024-01-06 21:23:00,0.0
102,search,2024-01-06 21:43:00,0.0
102,sign_up,2024-01-06 21:45:00,0.0
103,page_view,2024-01-11 03:12:00,0.0
103,search,2024-01-11 03:15:00,0.0
103,product_view,2024-01-11 03:21:00,0.0
103,sign_up,2024-01-11 03:27:00,0.0
103,add_to_cart,2024-01-11 04:12:00,0.0
103,checkout,2024-01-11 04:53:00,0.0
104,page_view,2024-01-01 04:08:00,0.0
104,sign_up,2024-01-01 04:24:00,0.0
105,page_view,2024-02-04 16:04:00,0.0
105,product_view,2024-02-04 16:32:00,0.0
105,sign_up,2024-02-04 17:48:00,0.0
106,page_view,2024-01-12 02:34:00,0.0
107,page_view,2024-01-22 07:10:00,0.0
108,page_view,2024-01-30 02:20:00,0.0
109,page_view,2024-01-14 03:24:00,0.0
109,sign_up,2024-01-14 03:43:00,0.0
110,page_view,2024-01-14 18:37:00,0.0
111,page_view,2024-01-15 00:24:00,0.0
112,page_view,2024-01-02 13:52:00,0.0
112,category_view,2024-01-02 13:59:00,0.0
112,product_view,2024-01-02 14:05:00,0.0
112,sign_up,2024-01-02 14:57:00,0.0
112,add_to_cart,2024-01-02 16:02:00,0.0
112,checkout,2024-01-02 16:32:00,0.0
112,purchase,2024-01-02 17:00:00,319.67
113,page_view,2024-02-02 04:26:00,0.0
113,product_view,2024-02-02 04:27:00,0.0
113,product_view,2024-02-02 04:31:00,0.0
114,page_view,2024-01-05 09:32:00,0.0
114,search,2024-01-05 09:38:00,0.0
114,sign_up,2024-01-05 11:07:00,0.0
115,page_view,2024-01-15 07:04:00,0.0
115,sign_up,2024-01-15 08:21:00,0.0
116,page_view,2024-01-27 18:50:00,0.0
116,category_view,2024-01-27 19:01:00,0.0
116,sign_up,2024-01-27 19:13:00,0.0
117,page_view,2024-01-06 07:22:00,0.0
117,product_view,2024-01-06 07:48:00,0.0
117,product_view,2024-01-06 07:59:00,0.0
117,sign_up,2024-01-06 09:02:00,0.0
117,add_to_cart,2024-01-06 10:03:00,0.0
117,checkout,2024-01-06 11:12:00,0.0
117,purchase,2024-01-06 11:50:00,288.75
118,page_view,2024-01-28 08:53:00,0.0
118,product_view,2024-01-28 09:22:00,0.0
118,search,2024-01-28 09:30:00,0.0
119,page_view,2024-01-23 00:45:00,0.0
120,page_view,2024-01-23 00:53:00,0.0
120,category_view,2024-01-23 01:12:00,0.0
120,category_view,2024-01-23 01:33:00,0.0
120,sign_up,2024-01-23 01:43:00,0.0
120,add_to_cart,2024-01-23 02:41:00,0.0
120,checkout,2024-01-23 03:23:00,0.0
120,purchase,2024-01-23 03:49:00,348.14
121,page_view,2024-01-02 06:17:00,0.0
121,category_view,2024-01-02 06:19:00,0.0
121,category_view,2024-01-02 06:36:00,0.0
121,sign_up,2024-01-02 07:28:00,0.0
121,add_to_cart,2024-01-02 07:54:00,0.0
121,checkout,2024-01-02 09:05:00,0.0
121,purchase,2024-01-02 09:39:00,157.71
122,page_view,2024-01-22 17:20:00,0.0
122,sign_up,2024-01-22 18:45:00,0.0
123,page_view,2024-01-20 21:21:00,0.0
123,search,2024-01-20 21:50:00,0.0
123,search,2024-01-20 21:57:00,0.0
123,sign_up,2024-01-20 23:25:00,0.0
123,add_to_cart,2024-01-21 00:22:00,0.0
124,page_view,2024-02-01 16:44:00,0.0
124,sign_up,2024-02-01 17:25:00,0.0
125,page_view,2024-01-01 13:50:00,0.0
125,product_view,2024-01-01 14:08:00,0.0
125,search,2024-01-01 14:30:00,0.0
125,sign_up,2024-01-01 15:09:00,0.0
126,page_view,2024-01-04 00:07:00,0.0
126,sign_up,2024-01-04 00:11:00,0.0
126,add_to_cart,2024-01-04 01:26:00,0.0
127,page_view,2024-02-03 00:22:00,0.0
127,product_view,2024-02-03 00:50:00,0.0
127,search,2024-02-03 00:57:00,0.0
127,sign_up,2024-02-03 01:55:00,0.0
127,add_to_cart,2024-02-03 03:24:00,0.0
127,checkout,2024-02-03 04:37:00,0.0
127,purchase,2024-02-03 05:45:00,357.23
128,page_view,2024-01-28 14:07:00,0.0
128,product_view,2024-01-28 14:10:00,0.0
129,page_view,2024-01-16 03:51:00,0.0
129,sign_up,2024-01-16 04:06:00,0.0
129,add_to_cart,2024-01-16 04:55:00,0.0
129,checkout,2024-01-16 06:10:00,0.0
129,purchase,2024-01-16 06:34:00,342.29
130,page_view,2024-01-19 03:28:00,0.0
130,search,2024-01-19 03:30:00,0.0
131,page_view,2024-01-20 10:41:00,0.0
131,category_view,2024-01-20 10:43:00,0.0
131,category_view,2024-01-20 11:06:00,0.0
131,sign_up,2024-01-20 11:12:00,0.0
131,add_to_cart,2024-01-20 11:22:00,0.0
131,checkout,2024-01-20 12:07:00,0.0
131,purchase,2024-01-20 13:34:00,316.31
132,page_view,2024-01-17 09:29:00,0.0
132,category_view,2024-01-17 09:43:00,0.0
132,product_view,2024-01-17 10:00:00,0.0
132,sign_up,2024-01-17 10:15:00,0.0
133,page_view,2024-01-02 12:24:00,0.0
133,product_view,2024-01-02 12:33:00,0.0
133,category_view,2024-01-02 12:55:00,0.0
133,sign_up,2024-01-02 13:22:00,0.0
134,page_view,2024-02-03 22:36:00,0.0
134,product_view,2024-02-03 22:42:00,0.0
134,product_view,2024-02-03 23:03:00,0.0
134,sign_up,2024-02-03 23:42:00,0.0
134,add_to_cart,2024-02-04 00:20:00,0.0
134,checkout,2024-02-04 01:37:00,0.0
134,purchase,2024-02-04 03:04:00,72.02
135,page_view,2024-01-31 05:26:00,0.0
135,search,2024-01-31 05:38:00,0.0
136,page_view,2024-01-07 09:44:00,0.0
136,sign_up,2024-01-07 10:47:00,0.0
137,page_view,2024-01-02 21:42:00,0.0
137,sign_up,2024-01-02 22:19:00,0.0
138,page_view,2024-01-29 20:10:00,0.0
138,search,2024-01-29 20:14:00,0.0
138,category_view,2024-01-29 20:41:00,0.0
139,page_view,2024-02-03 22:46:00,0.0
139,search,2024-02-03 23:08:00,0.0
139,sign_up,2024-02-03 23:45:00,0.0
140,page_view,2024-01-19 02:51:00,0.0
140,product_view,2024-01-19 03:08:00,0.0
140,search,2024-01-19 03:35:00,0.0
140,sign_up,2024-01-19 04:49:00,0.0
141,page_view,2024-01-09 08:39:00,0.0
141,sign_up,2024-01-09 09:41:00,0.0
142,page_view,2024-01-25 06:34:00,0.0
142,search,2024-01-25 06:52:00,0.0
142,category_view,2024-01-25 07:04:00,0.0
142,sign_up,2024-01-25 07:17:00,0.0
142,add_to_cart,2024-01-25 08:02:00,0.0
143,page_view,2024-01-17 09:56:00,0.0
143,category_view,2024-01-17 10:13:00,0.0
143,product_view,2024-01-17 10:25:00,0.0
144,page_view,2024-01-19 07:30:00,0.0
145,page_view,2024-01-16 05:07:00,0.0
146,page_view,2024-01-12 14:58:00,0.0
146,search,2024-01-12 15:07:00,0.0
147,page_view,2024-02-01 09:15:00,0.0
147,category_view,2024-02-01 09:32:00,0.0
147,search,2024-02-01 09:58:00,0.0
147,sign_up,2024-02-01 10:06:00,0.0
147,add_to_cart,2024-02-01 10:14:00,0.0
147,checkout,2024-02-01 11:03:00,0.0
147,purchase,2024-02-01 12:03:00,378.82
148,page_view,2024-01-18 19:38:00,0.0
148,category_view,2024-01-18 19:56:00,0.0
148,category_view,2024-01-18 20:06:00,0.0
148,sign_up,2024-01-18 20:38:00,0.0
148,add_to_cart,2024-01-18 21:39:00,0.0
148,checkout,2024-01-18 21:43:00,0.0
148,purchase,2024-01-18 22:24:00,187.59
149,page_view,2024-01-23 11:38:00,0.0
149,search,2024-01-23 12:02:00,0.0
149,search,2024-01-23 12:06:00,0.0
150,page_view,2024-01-13 17:32:00,0.0
151,page_view,2024-01-02 22:34:00,0.0
151,product_view,2024-01-02 22:36:00,0.0
151,sign_up,2024-01-02 22:50:00,0.0
152,page_view,2024-02-01 02:58:00,0.0
152,search,2024-02-01 03:12:00,0.0
152,search,2024-02-01 03:29:00,0.0
152,sign_up,2024-02-01 04:27:00,0.0
153,page_view,2024-01-10 06:19:00,0.0
154,page_view,2024-01-03 12:13:00,0.0
154,product_view,2024-01-03 12:31:00,0.0
154,sign_up,2024-01-03 12:57:00,0.0
154,add_to_cart,2024-01-03 13:51:00,0.0
155,page_view,2024-01-09 14:48:00,0.0
156,page_view,2024-01-12 04:36:00,0.0
156,product_view,2024-01-12 05:04:00,0.0
156,category_view,2024-01-12 05:11:00,0.0
157,page_view,2024-01-11 12:33:00,0.0
158,page_view,2024-01-04 07:19:00,0.0
159,page_view,2024-01-10 10:33:00,0.0
159,sign_up,2024-01-10 10:37:00,0.0
160,page_view,2024-01-05 04:53:00,0.0
160,search,2024-01-05 05:16:00,0.0
160,category_view,2024-01-05 05:25:00,0.0
160,sign_up,2024-01-05 06:27:00,0.0
160,add_to_cart,2024-01-05 07:03:00,0.0
161,page_view,2024-01-17 23:02:00,0.0
161,search,2024-01-17 23:08:00,0.0
161,search,2024-01-17 23:32:00,0.0
161,sign_up,2024-01-18 00:46:00,0.0
162,page_view,2024-02-03 10:40:00,0.0
162,search,2024-02-03 11:07:00,0.0
162,category_view,2024-02-03 11:16:00,0.0
163,page_view,2024-01-12 09:08:00,0.0
163,search,2024-01-12 09:16:00,0.0
163,category_view,2024-01-12 09:21:00,0.0
163,sign_up,2024-01-12 10:50:00,0.0
163,add_to_cart,2024-01-12 11:29:00,0.0
163,checkout,2024-01-12 11:35:00,0.0
163,purchase,2024-01-12 11:54:00,50.8
164,page_view,2024-01-13 04:12:00,0.0
164,sign_up,2024-01-13 04:58:00,0.0
165,page_view,2024-01-29 18:57:00,0.0
165,product_view,2024-01-29 19:21:00,0.0
165,category_view,2024-01-29 19:29:00,0.0
166,page_view,2024-02-02 05:23:00,0.0
166,search,2024-02-02 05:39:00,0.0
166,category_view,2024-02-02 06:06:00,0.0
166,sign_up,2024-02-02 06:20:00,0.0
167,page_view,2024-01-25 20:41:00,0.0
167,product_view,2024-01-25 21:08:00,0.0
167,category_view,2024-01-25 21:36:00,0.0
168,page_view,2024-01-31 22:41:00,0.0
168,search,2024-01-31 22:52:00,0.0
169,page_view,2024-01-31 17:35:00,0.0
169,search,2024-01-31 17:49:00,0.0
169,sign_up,2024-01-31 18:29:00,0.0
169,add_to_cart,2024-01-31 18:43:00,0.0
169,checkout,2024-01-31 19:01:00,0.0
169,purchase,2024-01-31 20:02:00,23.45
170,page_view,2024-02-04 15:05:00,0.0
170,product_view,2024-02-04 15:12:00,0.0
170,product_view,2024-02-04 15:21:00,0.0
170,sign_up,2024-02-04 16:22:00,0.0
170,add_to_cart,2024-02-04 17:00:00,0.0
170,checkout,2024-02-04 18:09:00,0.0
170,purchase,2024-02-04 19:18:00,134.37
171,page_view,2024-01-17 11:21:00,0.0
171,sign_up,2024-01-17 12:27:00,0.0
171,add_to_cart,2024-01-17 13:50:00,0.0
172,page_view,2024-01-29 11:35:00,0.0
172,search,2024-01-29 11:38:00,0.0
172,category_view,2024-01-29 11:50:00,0.0
172,sign_up,2024-01-29 12:24:00,0.0
172,add_to_cart,2024-01-29 13:44:00,0.0
173,page_view,2024-01-11 22:25:00,0.0
173,product_view,2024-01-11 22:39:00,0.0
174,page_view,2024-01-17 02:12:00,0.0
174,sign_up,2024-01-17 02:42:00,0.0
175,page_view,2024-02-01 01:46:00,0.0
175,product_view,2024-02-01 02:06:00,0.0
175,sign_up,2024-02-01 03:14:00,0.0
176,page_view,2024-01-28 20:46:00,0.0
177,page_view,2024-01-06 18:56:00,0.0
178,page_view,2024-01-01 05:14:00,0.0
178,category_view,2024-01-01 05:43:00,0.0
178,sign_up,2024-01-01 06:09:00,0.0
179,page_view,2024-01-18 14:43:00,0.0
179,product_view,2024-01-18 14:51:00,0.0
179,search,2024-01-18 15:16:00,0.0
179,sign_up,2024-01-18 15:25:00,0.0
180,page_view,2024-01-07 02:28:00,0.0
181,page_view,2024-01-03 19:45:00,0.0
181,product_view,2024-01-03 20:10:00,0.0
181,category_view,2024-01-03 20:24:00,0.0
181,sign_up,2024-01-03 21:49:00,0.0
181,add_to_cart,2024-01-03 22:28:00,0.0
181,checkout,2024-01-03 23:29:00,0.0
181,purchase,2024-01-03 23:32:00,323.07
182,page_view,2024-01-11 12:16:00,0.0
182,sign_up,2024-01-11 13:21:00,0.0
182,add_to_cart,2024-01-11 14:00:00,0.0
182,checkout,2024-01-11 14:46:00,0.0
182,purchase,2024-01-11 15:28:00,35.06
183,page_view,2024-01-22 18:23:00,0.0
183,sign_up,2024-01-22 19:10:00,0.0
183,add_to_cart,2024-01-22 20:31:00,0.0
183,checkout,2024-01-22 20:52:00,0.0
183,purchase,2024-01-22 21:33:00,23.71
184,page_view,2024-02-02 01:32:00,0.0
185,page_view,2024-01-30 00:12:00,0.0
185,category_view,2024-01-30 00:34:00,0.0
185,sign_up,2024-01-30 01:21:00,0.0
186,page_view,2024-01-15 01:41:00,0.0
186,search,2024-01-15 01:53:00,0.0
186,category_view,2024-01-15 02:01:00,0.0
186,sign_up,2024-01-15 02:08:00,0.0
187,page_view,2024-01-09 06:30:00,0.0
188,page_view,2024-01-08 07:49:00,0.0
188,product_view,2024-01-08 08:09:00,0.0
189,page_view,2024-01-07 10:19:00,0.0
189,product_view,2024-01-07 10:45:00,0.0
189,sign_up,2024-01-07 10:49:00,0.0
189,add_to_cart,2024-01-07 11:50:00,0.0
190,page_view,2024-01-11 17:53:00,0.0
190,search,2024-01-11 18:05:00,0.0
190,search,2024-01-11 18:30:00,0.0
191,page_view,2024-01-19 22:45:00,0.0
191,sign_up,2024-01-19 23:39:00,0.0
192,page_view,2024-01-18 05:17:00,0.0
192,search,2024-01-18 05:39:00,0.0
192,search,2024-01-18 06:03:00,0.0
192,sign_up,2024-01-18 06:32:00,0.0
192,add_to_cart,2024-01-18 07:08:00,0.0
192,checkout,2024-01-18 08:03:00,0.0
192,purchase,2024-01-18 08:11:00,195.8
193,page_view,2024-01-30 20:30:00,0.0
193,search,2024-01-30 20:59:00,0.0
193,sign_up,2024-01-30 21:20:00,0.0
194,page_view,2024-02-01 08:35:00,0.0
194,product_view,2024-02-01 08:56:00,0.0
194,sign_up,2024-02-01 10:03:00,0.0
195,page_view,2024-01-06 06:41:00,0.0
195,product_view,2024-01-06 07:00:00,0.0
195,search,2024-01-06 07:22:00,0.0
195,sign_up,2024-01-06 07:41:00,0.0
196,page_view,2024-01-15 00:34:00,0.0
196,product_view,2024-01-15 00:42:00,0.0
196,sign_up,2024-01-15 01:27:00,0.0
196,add_to_cart,2024-01-15 01:30:00,0.0
196,checkout,2024-01-15 02:40:00,0.0
196,purchase,2024-01-15 03:22:00,113.95
197,page_view,2024-01-14 23:38:00,0.0
198,page_view,2024-01-06 16:58:00,0.0
199,page_view,2024-01-02 02:36:00,0.0
199,sign_up,2024-01-02 03:17:00,0.0
200,page_view,2024-01-23 14:30:00,0.0
200,category_view,2024-01-23 14:40:00,0.0
200,product_view,2024-01-23 15:02:00,0.0
200,sign_up,2024-01-23 15:13:00,0.0
201,page_view,2024-01-01 04:19:00,0.0
201,search,2024-01-01 04:31:00,0.0
201,product_view,2024-01-01 04:56:00,0.0
201,sign_up,2024-01-01 05:34:00,0.0
201,add_to_cart,2024-01-01 06:51:00,0.0
201,checkout,2024-01-01 07:36:00,0.0
201,purchase,2024-01-01 08:56:00,232.09
202,page_view,2024-01-20 17:13:00,0.0
202,category_view,2024-01-20 17:22:00,0.0
202,sign_up,2024-01-20 17:49:00,0.0
202,add_to_cart,2024-01-20 18:25:00,0.0
202,checkout,2024-01-20 19:25:00,0.0
202,purchase,2024-01-20 20:17:00,35.8
203,page_view,2024-01-20 20:49:00,0.0
203,product_view,2024-01-20 21:00:00,0.0
203,search,2024-01-20 21:02:00,0.0
204,page_view,2024-01-31 23:46:00,0.0
204,category_view,2024-02-01 00:04:00,0.0
204,product_view,2024-02-01 00:16:00,0.0
204,sign_up,2024-02-01 01:02:00,0.0
204,add_to_cart,2024-02-01 01:53:00,0.0
204,checkout,2024-02-01 02:02:00,0.0
205,page_view,2024-01-01 22:07:00,0.0
205,sign_up,2024-01-01 22:13:00,0.0
206,page_view,2024-02-03 00:54:00,0.0
206,category_view,2024-02-03 01:20:00,0.0
206,product_view,2024-02-03 01:30:00,0.0
206,sign_up,2024-02-03 01:48:00,0.0
207,page_view,2024-01-12 07:24:00,0.0
207,search,2024-01-12 07:28:00,0.0
208,page_view,2024-01-31 15:13:00,0.0
209,page_view,2024-01-26 01:49:00,0.0
209,search,2024-01-26 01:58:00,0.0
209,sign_up,2024-01-26 02:47:00,0.0
210,page_view,2024-01-13 08:10:00,0.0
210,product_view,2024-01-13 08:39:00,0.0
210,sign_up,2024-01-13 08:59:00,0.0
211,page_view,2024-01-18 12:40:00,0.0
211,search,2024-01-18 12:59:00,0.0
211,search,2024-01-18 13:10:00,0.0
211,sign_up,2024-01-18 14:05:00,0.0
212,page_view,2024-01-21 14:00:00,0.0
212,category_view,2024-01-21 14:07:00,0.0
213,page_view,2024-01-29 00:48:00,0.0
213,sign_up,2024-01-29 01:00:00,0.0
214,page_view,2024-01-14 09:01:00,0.0
214,category_view,2024-01-14 09:10:00,0.0
214,sign_up,2024-01-14 10:23:00,0.0
215,page_view,2024-01-06 20:28:00,0.0
215,search,2024-01-06 20:53:00,0.0
215,sign_up,2024-01-06 21:31:00,0.0
215,add_to_cart,2024-01-06 21:47:00,0.0
215,checkout,2024-01-06 23:15:00,0.0
216,page_view,2024-01-21 22:42:00,0.0
216,category_view,2024-01-21 22:58:00,0.0
216,category_view,2024-01-21 23:19:00,0.0
216,sign_up,2024-01-22 00:35:00,0.0
216,add_to_cart,2024-01-22 01:44:00,0.0
217,page_view,2024-01-22 18:33:00,0.0
217,search,2024-01-22 19:02:00,0.0
217,sign_up,2024-01-22 19:30:00,0.0
218,page_view,2024-01-28 02:07:00,0.0
218,product_view,2024-01-28 02:11:00,0.0
219,page_view,2024-01-13 03:25:00,0.0
219,sign_up,2024-01-13 03:33:00,0.0
220,page_view,2024-01-10 06:12:00,0.0
220,category_view,2024-01-10 06:19:00,0.0
220,search,2024-01-10 06:43:00,0.0
220,sign_up,2024-01-10 07:26:00,0.0
221,page_view,2024-01-20 03:53:00,0.0
221,search,2024-01-20 04:15:00,0.0
221,search,2024-01-20 04:27:00,0.0
222,page_view,2024-01-13 22:21:00,0.0
222,product_view,2024-01-13 22:42:00,0.0
222,sign_up,2024-01-13 23:09:00,0.0
222,add_to_cart,2024-01-13 23:20:00,0.0
222,checkout,2024-01-14 00:03:00,0.0
223,page_view,2024-01-16 16:25:00,0.0
223,product_view,2024-01-16 16:30:00,0.0
223,category_view,2024-01-16 16:54:00,0.0
224,page_view,2024-01-10 17:18:00,0.0
224,category_view,2024-01-10 17:19:00,0.0
224,sign_up,2024-01-10 18:07:00,0.0
224,add_to_cart,2024-01-10 18:41:00,0.0
224,checkout,2024-01-10 20:03:00,0.0
224,purchase,2024-01-10 20:41:00,263.95
225,page_view,2024-01-28 06:31:00,0.0
225,search,2024-01-28 06:41:00,0.0
225,search,2024-01-28 06:55:00,0.0
225,sign_up,2024-01-28 07:21:00,0.0
226,page_view,2024-02-04 06:20:00,0.0
226,product_view,2024-02-04 06:23:00,0.0
226,sign_up,2024-02-04 07:03:00,0.0
227,page_view,2024-01-11 06:23:00,0.0
227,product_view,2024-01-11 06:42:00,0.0
227,sign_up,2024-01-11 07:15:00,0.0
227,add_to_cart,2024-01-11 07:52:00,0.0
227,checkout,2024-01-11 08:29:00,0.0
227,purchase,2024-01-11 08:38:00,159.44
228,page_view,2024-01-06 08:38:00,0.0
228,sign_up,2024-01-06 08:41:00,0.0
229,page_view,2024-01-27 20:07:00,0.0
229,product_view,2024-01-27 20:15:00,0.0
230,page_view,2024-01-03 21:05:00,0.0
230,product_view,2024-01-03 21:28:00,0.0
230,sign_up,2024-01-03 22:04:00,0.0
231,page_view,2024-01-30 19:07:00,0.0
231,product_view,2024-01-30 19:19:00,0.0
232,page_view,2024-01-13 14:56:00,0.0
232,product_view,2024-01-13 15:12:00,0.0
232,category_view,2024-01-13 15:37:00,0.0
233,page_view,2024-01-17 15:11:00,0.0
233,product_view,2024-01-17 15:27:00,0.0
233,category_view,2024-01-17 15:40:00,0.0
233,sign_up,2024-01-17 15:46:00,0.0
234,page_view,2024-01-01 20:19:00,0.0
234,product_view,2024-01-01 20:41:00,0.0
235,page_view,2024-02-01 00:52:00,0.0
235,product_view,2024-02-01 01:12:00,0.0
235,sign_up,2024-02-01 01:49:00,0.0
235,add_to_cart,2024-02-01 02:56:00,0.0
235,checkout,2024-02-01 02:59:00,0.0
236,page_view,2024-01-09 00:10:00,0.0
236,product_view,2024-01-09 00:30:00,0.0
236,product_view,2024-01-09 00:53:00,0.0
237,page_view,2024-01-06 02:21:00,0.0
237,product_view,2024-01-06 02:36:00,0.0
237,search,2024-01-06 03:04:00,0.0
237,sign_up,2024-01-06 03:17:00,0.0
238,page_view,2024-01-18 12:34:00,0.0
238,product_view,2024-01-18 12:58:00,0.0
239,page_view,2024-01-06 02:15:00,0.0
239,product_view,2024-01-06 02:35:00,0.0
239,category_view,2024-01-06 02:44:00,0.0
239,sign_up,2024-01-06 03:51:00,0.0
239,add_to_cart,2024-01-06 04:27:00,0.0
239,checkout,2024-01-06 04:48:00,0.0
239,purchase,2024-01-06 04:59:00,332.54
240,page_view,2024-01-25 21:32:00,0.0
240,search,2024-01-25 21:46:00,0.0
240,product_view,2024-01-25 22:00:00,0.0
241,page_view,2024-01-03 02:40:00,0.0
241,search,2024-01-03 03:05:00,0.0
241,sign_up,2024-01-03 03:14:00,0.0
242,page_view,2024-01-04 14:03:00,0.0
242,sign_up,2024-01-04 14:36:00,0.0
242,add_to_cart,2024-01-04 14:50:00,0.0
243,page_view,2024-01-20 17:28:00,0.0
243,search,2024-01-20 17:34:00,0.0
243,product_view,2024-01-20 17:45:00,0.0
244,page_view,2024-01-23 18:30:00,0.0
244,category_view,2024-01-23 18:35:00,0.0
244,product_view,2024-01-23 18:37:00,0.0
244,sign_up,2024-01-23 18:49:00,0.0
245,page_view,2024-01-31 23:14:00,0.0
245,sign_up,2024-01-31 23:24:00,0.0
245,add_to_cart,2024-02-01 00:38:00,0.0
246,page_view,2024-01-07 15:15:00,0.0
246,sign_up,2024-01-07 15:56:00,0.0
247,page_view,2024-01-29 19:35:00,0.0
247,product_view,2024-01-29 19:42:00,0.0
247,sign_up,2024-01-29 20:46:00,0.0
247,add_to_cart,2024-01-29 20:54:00,0.0
247,checkout,2024-01-29 22:21:00,0.0
248,page_view,2024-01-22 04:54:00,0.0
248,search,2024-01-22 05:21:00,0.0
248,sign_up,2024-01-22 06:41:00,0.0
249,page_view,2024-01-23 23:38:00,0.0
249,sign_up,2024-01-24 01:04:00,0.0
250,page_view,2024-01-21 20:17:00,0.0
251,page_view,2024-01-17 02:48:00,0.0
251,category_view,2024-01-17 03:09:00,0.0
251,product_view,2024-01-17 03:30:00,0.0
251,sign_up,2024-01-17 04:05:00,0.0
251,add_to_cart,2024-01-17 05:28:00,0.0
251,checkout,2024-01-17 06:21:00,0.0
252,page_view,2024-01-21 09:12:00,0.0
253,page_view,2024-01-17 23:08:00,0.0
254,page_view,2024-01-29 00:09:00,0.0
254,search,2024-01-29 00:35:00,0.0
255,page_view,2024-02-03 07:58:00,0.0
255,search,2024-02-03 08:06:00,0.0
256,page_view,2024-01-23 23:44:00,0.0
256,search,2024-01-23 23:49:00,0.0
256,search,2024-01-24 00:12:00,0.0
256,sign_up,2024-01-24 01:25:00,0.0
256,add_to_cart,2024-01-24 02:09:00,0.0
256,checkout,2024-01-24 03:01:00,0.0
256,purchase,2024-01-24 03:26:00,33.52
257,page_view,2024-01-20 20:39:00,0.0
257,category_view,2024-01-20 20:53:00,0.0
258,page_view,2024-01-19 06:50:00,0.0
258,product_view,2024-01-19 07:01:00,0.0
258,search,2024-01-19 07:06:00,0.0
259,page_view,2024-02-01 07:09:00,0.0
259,search,2024-02-01 07:24:00,0.0
259,sign_up,2024-02-01 07:50:00,0.0
260,page_view,2024-01-15 17:02:00,0.0
260,sign_up,2024-01-15 18:11:00,0.0
261,page_view,2024-01-25 22:49:00,0.0
261,category_view,2024-01-25 23:10:00,0.0
262,page_view,2024-01-13 20:31:00,0.0
262,product_view,2024-01-13 20:47:00,0.0
262,product_view,2024-01-13 20:58:00,0.0
262,sign_up,2024-01-13 21:39:00,0.0
263,page_view,2024-01-09 07:58:00,0.0
263,product_view,2024-01-09 08:26:00,0.0
264,page_view,2024-01-22 19:29:00,0.0
265,page_view,2024-01-21 02:57:00,0.0
265,category_view,2024-01-21 03:20:00,0.0
266,page_view,2024-01-18 20:12:00,0.0
266,product_view,2024-01-18 20:33:00,0.0
267,page_view,2024-01-07 22:43:00,0.0
267,product_view,2024-01-07 23:05:00,0.0
267,search,2024-01-07 23:16:00,0.0
268,page_view,2024-01-29 12:17:00,0.0
268,search,2024-01-29 12:46:00,0.0
269,page_view,2024-01-27 17:30:00,0.0
269,category_view,2024-01-27 17:49:00,0.0
269,search,2024-01-27 18:13:00,0.0
269,sign_up,2024-01-27 18:51:00,0.0
270,page_view,2024-01-03 21:18:00,0.0
270,product_view,2024-01-03 21:47:00,0.0
270,category_view,2024-01-03 21:54:00,0.0
271,page_view,2024-01-08 09:57:00,0.0
272,page_view,2024-01-03 00:03:00,0.0
272,product_view,2024-01-03 00:13:00,0.0
272,search,2024-01-03 00:24:00,0.0
272,sign_up,2024-01-03 01:11:00,0.0
273,page_view,2024-01-27 01:40:00,0.0
273,sign_up,2024-01-27 02:17:00,0.0
273,add_to_cart,2024-01-27 03:16:00,0.0
273,checkout,2024-01-27 04:38:00,0.0
273,purchase,2024-01-27 05:13:00,308.3
274,page_view,2024-01-20 10:15:00,0.0
274,product_view,2024-01-20 10:38:00,0.0
274,category_view,2024-01-20 11:02:00,0.0
275,page_view,2024-01-04 14:03:00,0.0
275,product_view,2024-01-04 14:27:00,0.0
275,sign_up,2024-01-04 15:05:00,0.0
276,page_view,2024-01-21 09:37:00,0.0
276,search,2024-01-21 09:41:00,0.0
276,sign_up,2024-01-21 09:59:00,0.0
277,page_view,2024-01-04 13:02:00,0.0
277,sign_up,2024-01-04 13:58:00,0.0
278,page_view,2024-01-24 01:29:00,0.0
278,category_view,2024-01-24 01:48:00,0.0
278,sign_up,2024-01-24 02:08:00,0.0
279,page_view,2024-01-19 21:23:00,0.0
280,page_view,2024-01-31 03:18:00,0.0
280,sign_up,2024-01-31 04:14:00,0.0
281,page_view,2024-02-02 17:51:00,0.0
281,sign_up,2024-02-02 18:39:00,0.0
282,page_view,2024-02-02 16:05:00,0.0
282,category_view,2024-02-02 16:32:00,0.0
282,category_view,2024-02-02 16:38:00,0.0
283,page_view,2024-01-11 06:08:00,0.0
283,search,2024-01-11 06:24:00,0.0
283,sign_up,2024-01-11 07:26:00,0.0
284,page_view,2024-01-03 12:42:00,0.0
284,sign_up,2024-01-03 13:53:00,0.0
285,page_view,2024-01-19 09:34:00,0.0
285,category_view,2024-01-19 10:00:00,0.0
285,sign_up,2024-01-19 11:05:00,0.0
285,add_to_cart,2024-01-19 11:55:00,0.0
285,checkout,2024-01-19 13:00:00,0.0
285,purchase,2024-01-19 14:11:00,259.84
286,page_view,2024-02-04 00:23:00,0.0
286,sign_up,2024-02-04 01:05:00,0.0
286,add_to_cart,2024-02-04 02:06:00,0.0
286,checkout,2024-02-04 03:04:00,0.0
286,purchase,2024-02-04 03:29:00,199.38
287,page_view,2024-01-21 23:43:00,0.0
287,category_view,2024-01-22 00:05:00,0.0
287,sign_up,2024-01-22 00:20:00,0.0
287,add_to_cart,2024-01-22 01:41:00,0.0
287,checkout,2024-01-22 02:59:00,0.0
287,purchase,2024-01-22 04:13:00,205.28
288,page_view,2024-01-20 17:57:00,0.0
288,search,2024-01-20 18:22:00,0.0
288,product_view,2024-01-20 18:26:00,0.0
288,sign_up,2024-01-20 18:34:00,0.0
288,add_to_cart,2024-01-20 18:50:00,0.0
288,checkout,2024-01-20 20:06:00,0.0
289,page_view,2024-01-15 15:06:00,0.0
289,sign_up,2024-01-15 15:21:00,0.0
290,page_view,2024-01-21 17:04:00,0.0
290,product_view,2024-01-21 17:27:00,0.0
290,search,2024-01-21 17:32:00,0.0
290,sign_up,2024-01-21 18:58:00,0.0
291,page_view,2024-02-02 17:52:00,0.0
291,search,2024-02-02 18:02:00,0.0
291,product_view,2024-02-02 18:09:00,0.0
291,sign_up,2024-02-02 19:31:00,0.0
292,page_view,2024-02-03 10:40:00,0.0
292,search,2024-02-03 11:02:00,0.0
292,product_view,2024-02-03 11:19:00,0.0
292,sign_up,2024-02-03 12:30:00,0.0
293,page_view,2024-01-10 20:04:00,0.0
293,search,2024-01-10 20:26:00,0.0
294,page_view,2024-02-03 15:47:00,0.0
294,category_view,2024-02-03 16:16:00,0.0
294,category_view,2024-02-03 16:38:00,0.0
294,sign_up,2024-02-03 17:39:00,0.0
294,add_to_cart,2024-02-03 18:44:00,0.0
295,page_view,2024-02-01 06:20:00,0.0
295,product_view,2024-02-01 06:24:00,0.0
296,page_view,2024-01-15 23:39:00,0.0
297,page_view,2024-01-28 13:26:00,0.0
297,sign_up,2024-01-28 14:25:00,0.0
298,page_view,2024-01-02 23:02:00,0.0
298,sign_up,2024-01-02 23:09:00,0.0
298,add_to_cart,2024-01-02 23:33:00,0.0
299,page_view,2024-01-19 04:50:00,0.0
299,product_view,2024-01-19 05:14:00,0.0
299,search,2024-01-19 05:22:00,0.0
299,sign_up,2024-01-19 06:48:00,0.0
299,add_to_cart,2024-01-19 06:58:00,0.0
299,checkout,2024-01-19 07:47:00,0.0
300,page_view,2024-01-18 09:59:00,0.0
300,product_view,2024-01-18 10:11:00,0.0
300,sign_up,2024-01-18 10:15:00,0.0
300,add_to_cart,2024-01-18 10:43:00,0.0
300,checkout,2024-01-18 11:24:00,0.0
300,purchase,2024-01-18 11:26:00,32.69
301,page_view,2024-01-08 04:31:00,0.0
301,product_view,2024-01-08 04:36:00,0.0
301,product_view,2024-01-08 04:42:00,0.0
301,sign_up,2024-01-08 05:15:00,0.0
301,add_to_cart,2024-01-08 05:27:00,0.0
301,checkout,2024-01-08 05:44:00,0.0
302,page_view,2024-01-21 12:33:00,0.0
302,category_view,2024-01-21 12:59:00,0.0
303,page_view,2024-01-27 04:24:00,0.0
303,search,2024-01-27 04:25:00,0.0
303,product_view,2024-01-27 04:45:00,0.0
303,sign_up,2024-01-27 04:51:00,0.0
304,page_view,2024-01-28 08:51:00,0.0
304,product_view,2024-01-28 09:09:00,0.0
305,page_view,2024-01-11 01:46:00,0.0
305,sign_up,2024-01-11 03:13:00,0.0
306,page_view,2024-01-28 15:20:00,0.0
306,search,2024-01-28 15:21:00,0.0
306,sign_up,2024-01-28 15:56:00,0.0
306,add_to_cart,2024-01-28 16:44:00,0.0
306,checkout,2024-01-28 18:00:00,0.0
306,purchase,2024-01-28 18:49:00,239.35
307,page_view,2024-01-17 04:43:00,0.0
307,category_view,2024-01-17 04:58:00,0.0
307,search,2024-01-17 05:01:00,0.0
307,sign_up,2024-01-17 05:18:00,0.0
307,add_to_cart,2024-01-17 05:59:00,0.0
307,checkout,2024-01-17 06:47:00,0.0
307,purchase,2024-01-17 08:01:00,269.01
308,page_view,2024-01-01 07:54:00,0.0
308,product_view,2024-01-01 07:57:00,0.0
308,category_view,2024-01-01 08:22:00,0.0
308,sign_up,2024-01-01 09:26:00,0.0
308,add_to_cart,2024-01-01 10:24:00,0.0
308,checkout,2024-01-01 11:11:00,0.0
308,purchase,2024-01-01 12:28:00,108.45
309,page_view,2024-01-09 02:59:00,0.0
310,page_view,2024-02-02 05:58:00,0.0
310,category_view,2024-02-02 06:21:00,0.0
310,product_view,2024-02-02 06:48:00,0.0
310,sign_up,2024-02-02 07:27:00,0.0
310,add_to_cart,2024-02-02 08:40:00,0.0
310,checkout,2024-02-02 09:00:00,0.0
311,page_view,2024-01-14 19:48:00,0.0
311,sign_up,2024-01-14 20:03:00,0.0
312,page_view,2024-01-23 21:47:00,0.0
312,sign_up,2024-01-23 22:39:00,0.0
313,page_view,2024-01-19 08:27:00,0.0
314,page_view,2024-01-09 22:56:00,0.0
314,product_view,2024-01-09 23:11:00,0.0
314,product_view,2024-01-09 23:35:00,0.0
314,sign_up,2024-01-10 00:12:00,0.0
314,add_to_cart,2024-01-10 00:43:00,0.0
314,checkout,2024-01-10 01:17:00,0.0
314,purchase,2024-01-10 01:32:00,247.38
315,page_view,2024-02-04 08:58:00,0.0
315,category_view,2024-02-04 09:07:00,0.0
316,page_view,2024-01-08 01:40:00,0.0
316,sign_up,2024-01-08 02:22:00,0.0
317,page_view,2024-01-16 16:47:00,0.0
317,category_view,2024-01-16 16:59:00,0.0
317,sign_up,2024-01-16 17:50:00,0.0
318,page_view,2024-01-21 04:47:00,0.0
318,sign_up,2024-01-21 05:21:00,0.0
319,page_view,2024-01-09 08:03:00,0.0
319,product_view,2024-01-09 08:20:00,0.0
319,search,2024-01-09 08:44:00,0.0
319,sign_up,2024-01-09 10:12:00,0.0
319,add_to_cart,2024-01-09 11:29:00,0.0
320,page_view,2024-01-15 08:18:00,0.0
320,search,2024-01-15 08:38:00,0.0
320,sign_up,2024-01-15 09:00:00,0.0
321,page_view,2024-01-20 18:03:00,0.0
321,product_view,2024-01-20 18:10:00,0.0
321,search,2024-01-20 18:22:00,0.0
322,page_view,2024-01-02 23:33:00,0.0
322,search,2024-01-02 23:56:00,0.0
322,category_view,2024-01-02 23:57:00,0.0
322,sign_up,2024-01-03 01:24:00,0.0
322,add_to_cart,2024-01-03 01:42:00,0.0
322,checkout,2024-01-03 01:49:00,0.0
322,purchase,2024-01-03 01:58:00,110.77
323,page_view,2024-01-01 12:48:00,0.0
323,product_view,2024-01-01 12:56:00,0.0
323,search,2024-01-01 12:59:00,0.0
323,sign_up,2024-01-01 13:49:00,0.0
324,page_view,2024-01-08 10:19:00,0.0
324,sign_up,2024-01-08 11:45:00,0.0
324,add_to_cart,2024-01-08 12:50:00,0.0
324,checkout,2024-01-08 13:45:00,0.0
325,page_view,2024-01-09 23:36:00,0.0
326,page_view,2024-01-24 20:50:00,0.0
326,category_view,2024-01-24 20:57:00,0.0
326,category_view,2024-01-24 21:06:00,0.0
326,sign_up,2024-01-24 21:18:00,0.0
326,add_to_cart,2024-01-24 21:30:00,0.0
326,checkout,2024-01-24 22:17:00,0.0
326,purchase,2024-01-24 22:58:00,180.29
327,page_view,2024-01-12 07:07:00,0.0
328,page_view,2024-01-12 15:32:00,0.0
329,page_view,2024-01-28 04:07:00,0.0
330,page_view,2024-01-23 12:46:00,0.0
330,category_view,2024-01-23 13:03:00,0.0
330,product_view,2024-01-23 13:23:00,0.0
330,sign_up,2024-01-23 14:32:00,0.0
330,add_to_cart,2024-01-23 15:09:00,0.0
330,checkout,2024-01-23 15:29:00,0.0
330,purchase,2024-01-23 16:10:00,305.45
331,page_view,2024-02-02 11:57:00,0.0
331,search,2024-02-02 12:12:00,0.0
331,product_view,2024-02-02 12:19:00,0.0
332,page_view,2024-01-10 01:50:00,0.0
332,product_view,2024-01-10 02:03:00,0.0
332,product_view,2024-01-10 02:17:00,0.0
332,sign_up,2024-01-10 03:31:00,0.0
333,page_view,2024-01-28 02:19:00,0.0
333,search,2024-01-28 02:46:00,0.0
334,page_view,2024-01-03 15:29:00,0.0
334,search,2024-01-03 15:46:00,0.0
334,sign_up,2024-01-03 16:22:00,0.0
334,add_to_cart,2024-01-03 17:18:00,0.0
334,checkout,2024-01-03 18:44:00,0.0
335,page_view,2024-01-31 22:23:00,0.0
335,sign_up,2024-01-31 22:45:00,0.0
336,page_view,2024-01-18 03:34:00,0.0
336,sign_up,2024-01-18 04:28:00,0.0
337,page_view,2024-01-30 11:33:00,0.0
337,category_view,2024-01-30 11:36:00,0.0
337,category_view,2024-01-30 11:45:00,0.0
337,sign_up,2024-01-30 13:01:00,0.0
338,page_view,2024-02-02 23:38:00,0.0
338,search,2024-02-03 00:02:00,0.0
339,page_view,2024-01-01 00:46:00,0.0
339,product_view,2024-01-01 01:15:00,0.0
339,product_view,2024-01-01 01:43:00,0.0
340,page_view,2024-01-31 10:48:00,0.0
341,page_view,2024-01-05 07:33:00,0.0
341,category_view,2024-01-05 07:34:00,0.0
342,page_view,2024-01-05 23:23:00,0.0
342,category_view,2024-01-05 23:26:00,0.0
342,product_view,2024-01-05 23:39:00,0.0
342,sign_up,2024-01-06 00:44:00,0.0
342,add_to_cart,2024-01-06 01:36:00,0.0
342,checkout,2024-01-06 02:36:00,0.0
342,purchase,2024-01-06 03:07:00,69.42
343,page_view,2024-02-04 22:05:00,0.0
343,search,2024-02-04 22:33:00,0.0
344,page_view,2024-01-13 14:51:00,0.0
344,sign_up,2024-01-13 15:14:00,0.0
345,page_view,2024-01-13 01:44:00,0.0
345,category_view,2024-01-13 02:05:00,0.0
346,page_view,2024-01-03 09:33:00,0.0
346,sign_up,2024-01-03 10:59:00,0.0
346,add_to_cart,2024-01-03 11:21:00,0.0
347,page_view,2024-01-04 18:00:00,0.0
347,search,2024-01-04 18:24:00,0.0
347,search,2024-01-04 18:27:00,0.0
348,page_view,2024-01-11 03:50:00,0.0
349,page_view,2024-01-18 07:21:00,0.0
350,page_view,2024-01-19 04:38:00,0.0
350,sign_up,2024-01-19 04:44:00,0.0
351,page_view,2024-01-19 20:33:00,0.0
351,search,2024-01-19 20:55:00,0.0
351,product_view,2024-01-19 21:10:00,0.0
351,sign_up,2024-01-19 21:22:00,0.0
352,page_view,2024-01-05 16:55:00,0.0
353,page_view,2024-01-12 05:16:00,0.0
353,product_view,2024-01-12 05:35:00,0.0
353,product_view,2024-01-12 05:51:00,0.0
353,sign_up,2024-01-12 07:07:00,0.0
353,add_to_cart,2024-01-12 08:36:00,0.0
353,checkout,2024-01-12 09:04:00,0.0
353,purchase,2024-01-12 10:26:00,348.92
354,page_view,2024-01-14 17:27:00,0.0
354,category_view,2024-01-14 17:42:00,0.0
354,category_view,2024-01-14 17:57:00,0.0
355,page_view,2024-01-09 07:51:00,0.0
355,sign_up,2024-01-09 09:04:00,0.0
355,add_to_cart,2024-01-09 09:43:00,0.0
355,checkout,2024-01-09 10:53:00,0.0
355,purchase,2024-01-09 11:55:00,372.03
356,page_view,2024-01-16 17:31:00,0.0
356,product_view,2024-01-16 18:00:00,0.0
357,page_view,2024-01-10 09:20:00,0.0
357,category_view,2024-01-10 09:29:00,0.0
357,sign_up,2024-01-10 10:27:00,0.0
358,page_view,2024-02-04 18:49:00,0.0
358,category_view,2024-02-04 19:06:00,0.0
358,sign_up,2024-02-04 20:14:00,0.0
359,page_view,2024-01-25 04:00:00,0.0
359,search,2024-01-25 04:05:00,0.0
359,search,2024-01-25 04:13:00,0.0
360,page_view,2024-01-09 00:35:00,0.0
360,category_view,2024-01-09 00:37:00,0.0
360,category_view,2024-01-09 00:45:00,0.0
360,sign_up,2024-01-09 01:32:00,0.0
360,add_to_cart,2024-01-09 01:37:00,0.0
360,checkout,2024-01-09 02:53:00,0.0
360,purchase,2024-01-09 02:57:00,260.19
361,page_view,2024-01-13 12:31:00,0.0
361,search,2024-01-13 12:44:00,0.0
361,sign_up,2024-01-13 13:01:00,0.0
362,page_view,2024-01-17 22:33:00,0.0
362,product_view,2024-01-17 23:01:00,0.0
362,sign_up,2024-01-18 00:08:00,0.0
363,page_view,2024-01-31 01:38:00,0.0
363,category_view,2024-01-31 01:46:00,0.0
363,product_view,2024-01-31 02:00:00,0.0
363,sign_up,2024-01-31 02:54:00,0.0
364,page_view,2024-01-17 08:29:00,0.0
364,sign_up,2024-01-17 08:49:00,0.0
364,add_to_cart,2024-01-17 09:47:00,0.0
365,page_view,2024-01-31 16:54:00,0.0
365,product_view,2024-01-31 17:04:00,0.0
365,product_view,2024-01-31 17:08:00,0.0
365,sign_up,2024-01-31 17:41:00,0.0
366,page_view,2024-01-28 13:51:00,0.0
367,page_view,2024-01-22 03:12:00,0.0
367,product_view,2024-01-22 03:35:00,0.0
367,category_view,2024-01-22 03:47:00,0.0
367,sign_up,2024-01-22 04:22:00,0.0
367,add_to_cart,2024-01-22 05:38:00,0.0
367,checkout,2024-01-22 06:28:00,0.0
367,purchase,2024-01-22 06:55:00,291.71
368,page_view,2024-01-22 05:16:00,0.0
368,product_view,2024-01-22 05:40:00,0.0
368,search,2024-01-22 05:48:00,0.0
368,sign_up,2024-01-22 06:33:00,0.0
369,page_view,2024-01-29 10:56:00,0.0
369,sign_up,2024-01-29 11:06:00,0.0
370,page_view,2024-01-04 03:17:00,0.0
370,search,2024-01-04 03:36:00,0.0
370,search,2024-01-04 03:55:00,0.0
370,sign_up,2024-01-04 04:52:00,0.0
371,page_view,2024-01-17 22:25:00,0.0
371,sign_up,2024-01-17 23:21:00,0.0
371,add_to_cart,2024-01-17 23:45:00,0.0
371,checkout,2024-01-17 23:59:00,0.0
371,purchase,2024-01-18 00:24:00,309.19
372,page_view,2024-01-17 03:46:00,0.0
372,sign_up,2024-01-17 04:08:00,0.0
373,page_view,2024-01-19 11:36:00,0.0
373,search,2024-01-19 11:53:00,0.0
373,sign_up,2024-01-19 12:22:00,0.0
374,page_view,2024-02-04 14:47:00,0.0
374,category_view,2024-02-04 15:01:00,0.0
374,sign_up,2024-02-04 16:13:00,0.0
375,page_view,2024-01-18 04:12:00,0.0
375,search,2024-01-18 04:14:00,0.0
375,product_view,2024-01-18 04:23:00,0.0
375,sign_up,2024-01-18 05:20:00,0.0
376,page_view,2024-01-23 12:44:00,0.0
376,category_view,2024-01-23 12:53:00,0.0
376,sign_up,2024-01-23 12:57:00,0.0
376,add_to_cart,2024-01-23 13:42:00,0.0
376,checkout,2024-01-23 14:37:00,0.0
376,purchase,2024-01-23 14:59:00,129.22
377,page_view,2024-02-04 12:56:00,0.0
377,sign_up,2024-02-04 13:07:00,0.0
378,page_view,2024-01-10 13:12:00,0.0
379,page_view,2024-01-02 21:16:00,0.0
379,category_view,2024-01-02 21:26:00,0.0
379,sign_up,2024-01-02 21:44:00,0.0
380,page_view,2024-01-24 10:24:00,0.0
380,product_view,2024-01-24 10:52:00,0.0
381,page_view,2024-01-20 22:27:00,0.0
381,product_view,2024-01-20 22:44:00,0.0
381,category_view,2024-01-20 22:56:00,0.0
381,sign_up,2024-01-20 23:39:00,0.0
382,page_view,2024-01-30 08:33:00,0.0
382,sign_up,2024-01-30 08:59:00,0.0
383,page_view,2024-01-07 19:56:00,0.0
383,category_view,2024-01-07 20:08:00,0.0
384,page_view,2024-01-13 06:35:00,0.0
384,search,2024-01-13 06:54:00,0.0
384,search,2024-01-13 07:05:00,0.0
385,page_view,2024-01-08 12:21:00,0.0
385,category_view,2024-01-08 12:25:00,0.0
385,search,2024-01-08 12:54:00,0.0
386,page_view,2024-02-03 12:14:00,0.0
386,product_view,2024-02-03 12:26:00,0.0
386,product_view,2024-02-03 12:30:00,0.0
387,page_view,2024-01-05 23:31:00,0.0
387,category_view,2024-01-05 23:42:00,0.0
387,sign_up,2024-01-06 00:05:00,0.0
387,add_to_cart,2024-01-06 01:05:00,0.0
388,page_view,2024-01-07 09:56:00,0.0
388,product_view,2024-01-07 10:21:00,0.0
388,sign_up,2024-01-07 11:45:00,0.0
388,add_to_cart,2024-01-07 12:39:00,0.0
388,checkout,2024-01-07 13:48:00,0.0
388,purchase,2024-01-07 14:17:00,264.27
389,page_view,2024-01-01 16:46:00,0.0
389,product_view,2024-01-01 17:10:00,0.0
389,sign_up,2024-01-01 17:58:00,0.0
389,add_to_cart,2024-01-01 18:45:00,0.0
389,checkout,2024-01-01 18:51:00,0.0
389,purchase,2024-01-01 20:07:00,36.93
390,page_view,2024-02-02 17:37:00,0.0
390,category_view,2024-02-02 17:39:00,0.0
390,product_view,2024-02-02 18:08:00,0.0
391,page_view,2024-01-05 05:37:00,0.0
391,product_view,2024-01-05 05:59:00,0.0
391,sign_up,2024-01-05 07:14:00,0.0
391,add_to_cart,2024-01-05 07:18:00,0.0
391,checkout,2024-01-05 07:27:00,0.0
391,purchase,2024-01-05 08:01:00,72.06
392,page_view,2024-01-11 12:49:00,0.0
392,product_view,2024-01-11 13:17:00,0.0
392,category_view,2024-01-11 13:26:00,0.0
392,sign_up,2024-01-11 14:23:00,0.0
393,page_view,2024-01-26 11:10:00,0.0
393,sign_up,2024-01-26 11:30:00,0.0
393,add_to_cart,2024-01-26 12:53:00,0.0
394,page_view,2024-01-04 11:50:00,0.0
395,page_view,2024-02-03 16:42:00,0.0
395,product_view,2024-02-03 17:03:00,0.0
395,category_view,2024-02-03 17:05:00,0.0
395,sign_up,2024-02-03 17:14:00,0.0
396,page_view,2024-01-30 00:42:00,0.0
396,category_view,2024-01-30 00:59:00,0.0
396,product_view,2024-01-30 01:19:00,0.0
397,page_view,2024-01-22 11:08:00,0.0
397,sign_up,2024-01-22 11:37:00,0.0
397,add_to_cart,2024-01-22 12:21:00,0.0
397,checkout,2024-01-22 13:04:00,0.0
397,purchase,2024-01-22 14:11:00,215.58
398,page_view,2024-01-27 21:36:00,0.0
398,search,2024-01-27 22:01:00,0.0
398,search,2024-01-27 22:04:00,0.0
398,sign_up,2024-01-27 22:14:00,0.0
398,add_to_cart,2024-01-27 22:42:00,0.0
399,page_view,2024-01-01 06:48:00,0.0
399,search,2024-01-01 07:08:00,0.0
399,category_view,2024-01-01 07:11:00,0.0
400,page_view,2024-01-27 13:16:00,0.0
400,search,2024-01-27 13:29:00,0.0
400,sign_up,2024-01-27 14:52:00,0.0
401,page_view,2024-01-01 12:19:00,0.0
401,category_view,2024-01-01 12:29:00,0.0
401,search,2024-01-01 12:40:00,0.0
401,sign_up,2024-01-01 13:46:00,0.0
401,add_to_cart,2024-01-01 14:28:00,0.0
402,page_view,2024-01-05 10:55:00,0.0
402,category_view,2024-01-05 11:16:00,0.0
402,product_view,2024-01-05 11:28:00,0.0
403,page_view,2024-01-07 14:54:00,0.0
403,search,2024-01-07 15:20:00,0.0
403,product_view,2024-01-07 15:41:00,0.0
404,page_view,2024-01-20 14:49:00,0.0
404,sign_up,2024-01-20 15:31:00,0.0
404,add_to_cart,2024-01-20 16:18:00,0.0
404,checkout,2024-01-20 17:27:00,0.0
404,purchase,2024-01-20 18:05:00,194.8
405,page_view,2024-01-24 07:35:00,0.0
405,product_view,2024-01-24 08:04:00,0.0
406,page_view,2024-02-03 16:22:00,0.0
406,sign_up,2024-02-03 16:46:00,0.0
407,page_view,2024-01-31 20:40:00,0.0
407,sign_up,2024-01-31 21:41:00,0.0
408,page_view,2024-01-10 07:06:00,0.0
408,search,2024-01-10 07:12:00,0.0
408,category_view,2024-01-10 07:41:00,0.0
409,page_view,2024-01-22 14:03:00,0.0
409,category_view,2024-01-22 14:22:00,0.0
410,page_view,2024-01-05 12:22:00,0.0
410,product_view,2024-01-05 12:40:00,0.0
410,sign_up,2024-01-05 13:06:00,0.0
410,add_to_cart,2024-01-05 13:58:00,0.0
410,checkout,2024-01-05 14:46:00,0.0
411,page_view,2024-01-16 23:21:00,0.0
411,sign_up,2024-01-17 00:34:00,0.0
412,page_view,2024-01-31 09:09:00,0.0
412,category_view,2024-01-31 09:11:00,0.0
412,search,2024-01-31 09:20:00,0.0
413,page_view,2024-01-10 21:56:00,0.0
414,page_view,2024-01-25 20:36:00,0.0
414,search,2024-01-25 20:53:00,0.0
415,page_view,2024-01-17 08:23:00,0.0
415,category_view,2024-01-17 08:31:00,0.0
416,page_view,2024-01-06 00:46:00,0.0
416,category_view,2024-01-06 01:12:00,0.0
416,product_view,2024-01-06 01:41:00,0.0
416,sign_up,2024-01-06 02:16:00,0.0
417,page_view,2024-01-29 08:12:00,0.0
417,search,2024-01-29 08:18:00,0.0
418,page_view,2024-01-12 15:46:00,0.0
419,page_view,2024-01-01 16:02:00,0.0
419,product_view,2024-01-01 16:17:00,0.0
419,sign_up,2024-01-01 17:01:00,0.0
420,page_view,2024-01-14 00:13:00,0.0
420,category_view,2024-01-14 00:42:00,0.0
420,sign_up,2024-01-14 01:42:00,0.0
421,page_view,2024-01-06 00:48:00,0.0
421,search,2024-01-06 01:09:00,0.0
421,category_view,2024-01-06 01:14:00,0.0
421,sign_up,2024-01-06 01:28:00,0.0
422,page_view,2024-02-04 18:11:00,0.0
422,product_view,2024-02-04 18:22:00,0.0
422,category_view,2024-02-04 18:47:00,0.0
422,sign_up,2024-02-04 19:11:00,0.0
422,add_to_cart,2024-02-04 19:34:00,0.0
422,checkout,2024-02-04 20:47:00,0.0
422,purchase,2024-02-04 21:44:00,375.41
423,page_view,2024-01-16 22:18:00,0.0
423,search,2024-01-16 22:36:00,0.0
423,product_view,2024-01-16 22:53:00,0.0
423,sign_up,2024-01-16 22:59:00,0.0
423,add_to_cart,2024-01-16 23:17:00,0.0
424,page_view,2024-01-05 13:04:00,0.0
424,category_view,2024-01-05 13:28:00,0.0
424,sign_up,2024-01-05 14:19:00,0.0
424,add_to_cart,2024-01-05 14:39:00,0.0
424,checkout,2024-01-05 15:46:00,0.0
424,purchase,2024-01-05 16:26:00,378.89
425,page_view,2024-01-13 19:53:00,0.0
425,category_view,2024-01-13 20:08:00,0.0
425,category_view,2024-01-13 20:22:00,0.0
425,sign_up,2024-01-13 21:17:00,0.0
426,page_view,2024-01-20 23:17:00,0.0
426,search,2024-01-20 23:27:00,0.0
426,product_view,2024-01-20 23:52:00,0.0
426,sign_up,2024-01-21 01:07:00,0.0
426,add_to_cart,2024-01-21 01:14:00,0.0
426,checkout,2024-01-21 01:43:00,0.0
426,purchase,2024-01-21 02:53:00,92.13
427,page_view,2024-01-20 08:48:00,0.0
427,category_view,2024-01-20 09:05:00,0.0
427,category_view,2024-01-20 09:32:00,0.0
427,sign_up,2024-01-20 10:08:00,0.0
427,add_to_cart,2024-01-20 10:33:00,0.0
427,checkout,2024-01-20 10:56:00,0.0
427,purchase,2024-01-20 11:52:00,49.25
428,page_view,2024-01-29 14:37:00,0.0
428,product_view,2024-01-29 14:46:00,0.0
428,category_view,2024-01-29 15:06:00,0.0
429,page_view,2024-01-02 20:33:00,0.0
429,product_view,2024-01-02 20:36:00,0.0
429,sign_up,2024-01-02 20:47:00,0.0
430,page_view,2024-02-01 15:05:00,0.0
430,sign_up,2024-02-01 16:05:00,0.0
431,page_view,2024-01-29 03:00:00,0.0
431,search,2024-01-29 03:26:00,0.0
431,search,2024-01-29 03:36:00,0.0
432,page_view,2024-01-22 18:47:00,0.0
432,sign_up,2024-01-22 19:10:00,0.0
433,page_view,2024-01-30 12:27:00,0.0
433,sign_up,2024-01-30 13:36:00,0.0
434,page_view,2024-01-09 03:18:00,0.0
434,sign_up,2024-01-09 04:32:00,0.0
435,page_view,2024-02-01 05:47:00,0.0
435,product_view,2024-02-01 06:04:00,0.0
435,sign_up,2024-02-01 06:59:00,0.0
435,add_to_cart,2024-02-01 08:25:00,0.0
436,page_view,2024-01-28 14:14:00,0.0
436,sign_up,2024-01-28 14:42:00,0.0
436,add_to_cart,2024-01-28 15:00:00,0.0
436,checkout,2024-01-28 15:42:00,0.0
436,purchase,2024-01-28 17:07:00,97.53
437,page_view,2024-01-23 14:31:00,0.0
437,search,2024-01-23 14:32:00,0.0
437,search,2024-01-23 14:46:00,0.0
437,sign_up,2024-01-23 15:21:00,0.0
437,add_to_cart,2024-01-23 16:23:00,0.0
437,checkout,2024-01-23 17:26:00,0.0
437,purchase,2024-01-23 18:42:00,246.03
438,page_view,2024-01-30 15:54:00,0.0
438,product_view,2024-01-30 16:12:00,0.0
438,sign_up,2024-01-30 16:49:00,0.0
439,page_view,2024-01-13 23:45:00,0.0
439,product_view,2024-01-13 23:55:00,0.0
439,category_view,2024-01-13 23:56:00,0.0
440,page_view,2024-01-08 18:45:00,0.0
440,search,2024-01-08 19:02:00,0.0
440,sign_up,2024-01-08 19:42:00,0.0
440,add_to_cart,2024-01-08 20:11:00,0.0
441,page_view,2024-01-09 17:55:00,0.0
441,product_view,2024-01-09 18:16:00,0.0
441,product_view,2024-01-09 18:45:00,0.0
441,sign_up,2024-01-09 19:46:00,0.0
442,page_view,2024-01-15 17:33:00,0.0
442,category_view,2024-01-15 17:55:00,0.0
442,search,2024-01-15 18:21:00,0.0
442,sign_up,2024-01-15 19:48:00,0.0
443,page_view,2024-01-24 03:27:00,0.0
443,category_view,2024-01-24 03:28:00,0.0
443,product_view,2024-01-24 03:31:00,0.0
443,sign_up,2024-01-24 03:33:00,0.0
444,page_view,2024-01-21 15:28:00,0.0
445,page_view,2024-01-28 20:49:00,0.0
445,search,2024-01-28 20:52:00,0.0
445,category_view,2024-01-28 21:07:00,0.0
445,sign_up,2024-01-28 22:17:00,0.0
445,add_to_cart,2024-01-28 22:30:00,0.0
445,checkout,2024-01-28 23:27:00,0.0
445,purchase,2024-01-28 23:53:00,155.62
446,page_view,2024-01-24 12:54:00,0.0
446,search,2024-01-24 13:17:00,0.0
446,sign_up,2024-01-24 14:07:00,0.0
447,page_view,2024-01-16 00:48:00,0.0
448,page_view,2024-01-06 18:44:00,0.0
448,product_view,2024-01-06 18:51:00,0.0
448,product_view,2024-01-06 19:00:00,0.0
449,page_view,2024-01-23 16:11:00,0.0
449,category_view,2024-01-23 16:27:00,0.0
449,category_view,2024-01-23 16:52:00,0.0
450,page_view,2024-01-29 14:36:00,0.0
450,product_view,2024-01-29 14:49:00,0.0
450,category_view,2024-01-29 15:09:00,0.0
450,sign_up,2024-01-29 15:55:00,0.0
450,add_to_cart,2024-01-29 17:21:00,0.0
451,page_view,2024-01-06 11:17:00,0.0
451,product_view,2024-01-06 11:39:00,0.0
451,sign_up,2024-01-06 13:01:00,0.0
451,add_to_cart,2024-01-06 13:34:00,0.0
452,page_view,2024-01-14 09:46:00,0.0
452,product_view,2024-01-14 09:50:00,0.0
452,product_view,2024-01-14 09:59:00,0.0
453,page_view,2024-01-14 06:54:00,0.0
453,category_view,2024-01-14 07:16:00,0.0
453,product_view,2024-01-14 07:35:00,0.0
453,sign_up,2024-01-14 08:04:00,0.0
454,page_view,2024-01-09 14:32:00,0.0
454,category_view,2024-01-09 14:33:00,0.0
455,page_view,2024-01-01 17:33:00,0.0
455,product_view,2024-01-01 17:46:00,0.0
455,product_view,2024-01-01 17:47:00,0.0
455,sign_up,2024-01-01 19:05:00,0.0
456,page_view,2024-01-29 06:23:00,0.0
456,category_view,2024-01-29 06:40:00,0.0
456,sign_up,2024-01-29 07:07:00,0.0
457,page_view,2024-01-07 16:38:00,0.0
458,page_view,2024-01-17 10:24:00,0.0
458,category_view,2024-01-17 10:53:00,0.0
458,search,2024-01-17 11:08:00,0.0
459,page_view,2024-02-01 15:24:00,0.0
459,search,2024-02-01 15:52:00,0.0
459,sign_up,2024-02-01 16:58:00,0.0
460,page_view,2024-01-22 15:40:00,0.0
460,category_view,2024-01-22 15:52:00,0.0
460,search,2024-01-22 16:14:00,0.0
460,sign_up,2024-01-22 16:44:00,0.0
460,add_to_cart,2024-01-22 17:51:00,0.0
460,checkout,2024-01-22 18:07:00,0.0
460,purchase,2024-01-22 19:01:00,175.7
461,page_view,2024-01-18 18:47:00,0.0
461,product_view,2024-01-18 18:55:00,0.0
461,sign_up,2024-01-18 19:53:00,0.0
462,page_view,2024-01-15 19:56:00,0.0
462,sign_up,2024-01-15 21:03:00,0.0
463,page_view,2024-01-15 19:28:00,0.0
463,search,2024-01-15 19:38:00,0.0
463,category_view,2024-01-15 19:41:00,0.0
463,sign_up,2024-01-15 21:00:00,0.0
463,add_to_cart,2024-01-15 22:00:00,0.0
464,page_view,2024-01-04 19:10:00,0.0
464,category_view,2024-01-04 19:21:00,0.0
464,sign_up,2024-01-04 19:24:00,0.0
465,page_view,2024-01-09 01:55:00,0.0
465,search,2024-01-09 02:11:00,0.0
465,search,2024-01-09 02:15:00,0.0
465,sign_up,2024-01-09 03:01:00,0.0
465,add_to_cart,2024-01-09 04:00:00,0.0
466,page_view,2024-02-04 04:18:00,0.0
466,sign_up,2024-02-04 04:28:00,0.0
466,add_to_cart,2024-02-04 04:35:00,0.0
467,page_view,2024-01-17 15:22:00,0.0
467,search,2024-01-17 15:25:00,0.0
467,product_view,2024-01-17 15:51:00,0.0
467,sign_up,2024-01-17 17:18:00,0.0
468,page_view,2024-01-12 09:12:00,0.0
468,category_view,2024-01-12 09:34:00,0.0
468,search,2024-01-12 09:59:00,0.0
468,sign_up,2024-01-12 11:16:00,0.0
469,page_view,2024-01-11 14:15:00,0.0
469,sign_up,2024-01-11 15:06:00,0.0
469,add_to_cart,2024-01-11 15:30:00,0.0
469,checkout,2024-01-11 16:33:00,0.0
469,purchase,2024-01-11 17:41:00,376.85
470,page_view,2024-01-30 00:29:00,0.0
471,page_view,2024-01-21 13:12:00,0.0
471,category_view,2024-01-21 13:16:00,0.0
471,product_view,2024-01-21 13:38:00,0.0
472,page_view,2024-01-15 14:03:00,0.0
472,product_view,2024-01-15 14:26:00,0.0
472,product_view,2024-01-15 14:50:00,0.0
473,page_view,2024-01-12 00:27:00,0.0
473,sign_up,2024-01-12 00:50:00,0.0
473,add_to_cart,2024-01-12 01:12:00,0.0
474,page_view,2024-01-15 04:59:00,0.0
474,product_view,2024-01-15 05:17:00,0.0
474,sign_up,2024-01-15 06:17:00,0.0
475,page_view,2024-01-29 06:39:00,0.0
476,page_view,2024-01-02 07:10:00,0.0
476,sign_up,2024-01-02 07:49:00,0.0
476,add_to_cart,2024-01-02 08:10:00,0.0
477,page_view,2024-01-31 09:02:00,0.0
477,sign_up,2024-01-31 09:18:00,0.0
477,add_to_cart,2024-01-31 09:32:00,0.0
477,checkout,2024-01-31 10:48:00,0.0
477,purchase,2024-01-31 11:43:00,235.15
478,page_view,2024-02-04 21:37:00,0.0
478,product_view,2024-02-04 21:51:00,0.0
478,category_view,2024-02-04 22:08:00,0.0
479,page_view,2024-02-04 02:15:00,0.0
480,page_view,2024-01-10 18:24:00,0.0
481,page_view,2024-01-19 10:01:00,0.0
481,category_view,2024-01-19 10:30:00,0.0
481,sign_up,2024-01-19 11:19:00,0.0
482,page_view,2024-01-24 10:45:00,0.0
482,search,2024-01-24 11:08:00,0.0
483,page_view,2024-01-05 18:20:00,0.0
483,product_view,2024-01-05 18:24:00,0.0
484,page_view,2024-01-20 05:24:00,0.0
484,category_view,2024-01-20 05:35:00,0.0
485,page_view,2024-01-27 22:53:00,0.0
485,category_view,2024-01-27 23:17:00,0.0
486,page_view,2024-01-05 22:40:00,0.0
486,search,2024-01-05 23:05:00,0.0
486,product_view,2024-01-05 23:27:00,0.0
486,sign_up,2024-01-06 00:33:00,0.0
487,page_view,2024-01-04 00:14:00,0.0
487,product_view,2024-01-04 00:36:00,0.0
488,page_view,2024-01-29 13:13:00,0.0
488,product_view,2024-01-29 13:33:00,0.0
489,page_view,2024-01-15 11:39:00,0.0
489,product_view,2024-01-15 11:59:00,0.0
490,page_view,2024-01-28 23:25:00,0.0
490,search,2024-01-28 23:38:00,0.0
490,sign_up,2024-01-29 00:28:00,0.0
490,add_to_cart,2024-01-29 01:05:00,0.0
490,checkout,2024-01-29 02:21:00,0.0
490,purchase,2024-01-29 03:02:00,245.75
491,page_view,2024-01-20 07:28:00,0.0
491,category_view,2024-01-20 07:45:00,0.0
492,page_view,2024-01-07 15:44:00,0.0
492,category_view,2024-01-07 15:59:00,0.0
492,category_view,2024-01-07 16:20:00,0.0
492,sign_up,2024-01-07 17:34:00,0.0
493,page_view,2024-01-20 04:41:00,0.0
494,page_view,2024-01-08 14:30:00,0.0
494,sign_up,2024-01-08 14:51:00,0.0
494,add_to_cart,2024-01-08 15:45:00,0.0
495,page_view,2024-01-17 09:29:00,0.0
495,sign_up,2024-01-17 09:41:00,0.0
496,page_view,2024-01-07 11:57:00,0.0
496,product_view,2024-01-07 12:24:00,0.0
496,sign_up,2024-01-07 12:35:00,0.0
496,add_to_cart,2024-01-07 12:51:00,0.0
496,checkout,2024-01-07 12:55:00,0.0
497,page_view,2024-01-08 07:43:00,0.0
497,category_view,2024-01-08 07:51:00,0.0
497,search,2024-01-08 08:05:00,0.0
497,sign_up,2024-01-08 09:06:00,0.0
498,page_view,2024-01-28 16:35:00,0.0
498,sign_up,2024-01-28 17:12:00,0.0
498,add_to_cart,2024-01-28 18:39:00,0.0
499,page_view,2024-01-18 05:23:00,0.0
499,category_view,2024-01-18 05:47:00,0.0
499,product_view,2024-01-18 06:09:00,0.0
500,page_view,2024-01-11 13:31:00,0.0
500,product_view,2024-01-11 13:36:00,0.0
501,page_view,2024-01-24 02:43:00,0.0
501,search,2024-01-24 03:06:00,0.0
501,sign_up,2024-01-24 04:04:00,0.0
502,page_view,2024-02-03 08:21:00,0.0
502,sign_up,2024-02-03 08:40:00,0.0
503,page_view,2024-01-17 14:41:00,0.0
503,category_view,2024-01-17 14:56:00,0.0
503,category_view,2024-01-17 15:19:00,0.0
503,sign_up,2024-01-17 15:52:00,0.0
504,page_view,2024-01-20 20:17:00,0.0
505,page_view,2024-01-12 11:37:00,0.0
505,category_view,2024-01-12 12:05:00,0.0
505,category_view,2024-01-12 12:30:00,0.0
506,page_view,2024-01-16 22:38:00,0.0
506,product_view,2024-01-16 23:03:00,0.0
506,search,2024-01-16 23:11:00,0.0
507,page_view,2024-01-06 18:12:00,0.0
507,sign_up,2024-01-06 18:27:00,0.0
508,page_view,2024-01-04 06:07:00,0.0
509,page_view,2024-01-28 20:29:00,0.0
509,category_view,2024-01-28 20:57:00,0.0
509,product_view,2024-01-28 21:10:00,0.0
510,page_view,2024-01-22 05:07:00,0.0
510,product_view,2024-01-22 05:15:00,0.0
510,product_view,2024-01-22 05:40:00,0.0
510,sign_up,2024-01-22 05:51:00,0.0
510,add_to_cart,2024-01-22 06:51:00,0.0
510,checkout,2024-01-22 07:51:00,0.0
511,page_view,2024-01-05 19:24:00,0.0
511,category_view,2024-01-05 19:33:00,0.0
511,product_view,2024-01-05 19:54:00,0.0
511,sign_up,2024-01-05 20:17:00,0.0
512,page_view,2024-01-20 19:12:00,0.0
512,sign_up,2024-01-20 19:14:00,0.0
512,add_to_cart,2024-01-20 19:32:00,0.0
512,checkout,2024-01-20 20:45:00,0.0
513,page_view,2024-01-23 13:07:00,0.0
513,category_view,2024-01-23 13:33:00,0.0
513,search,2024-01-23 14:00:00,0.0
513,sign_up,2024-01-23 14:29:00,0.0
514,page_view,2024-01-16 22:01:00,0.0
514,category_view,2024-01-16 22:19:00,0.0
514,sign_up,2024-01-16 22:33:00,0.0
515,page_view,2024-01-29 13:29:00,0.0
515,category_view,2024-01-29 13:42:00,0.0
515,sign_up,2024-01-29 14:04:00,0.0
515,add_to_cart,2024-01-29 15:26:00,0.0
515,checkout,2024-01-29 15:42:00,0.0
516,page_view,2024-01-10 11:30:00,0.0
516,sign_up,2024-01-10 12:23:00,0.0
516,add_to_cart,2024-01-10 13:21:00,0.0
516,checkout,2024-01-10 14:16:00,0.0
517,page_view,2024-02-04 10:33:00,0.0
517,sign_up,2024-02-04 10:46:00,0.0
518,page_view,2024-01-14 07:07:00,0.0
518,search,2024-01-14 07:19:00,0.0
518,product_view,2024-01-14 07:30:00,0.0
518,sign_up,2024-01-14 07:42:00,0.0
519,page_view,2024-01-31 16:32:00,0.0
519,search,2024-01-31 17:01:00,0.0
519,sign_up,2024-01-31 17:25:00,0.0
520,page_view,2024-01-22 17:37:00,0.0
521,page_view,2024-01-08 08:48:00,0.0
521,category_view,2024-01-08 09:07:00,0.0
521,search,2024-01-08 09:31:00,0.0
521,sign_up,2024-01-08 10:38:00,0.0
522,page_view,2024-01-19 06:27:00,0.0
522,product_view,2024-01-19 06:44:00,0.0
522,product_view,2024-01-19 07:03:00,0.0
522,sign_up,2024-01-19 07:42:00,0.0
523,page_view,2024-01-04 21:25:00,0.0
523,sign_up,2024-01-04 22:24:00,0.0
524,page_view,2024-02-01 16:40:00,0.0
524,product_view,2024-02-01 17:08:00,0.0
524,product_view,2024-02-01 17:27:00,0.0
524,sign_up,2024-02-01 18:24:00,0.0
524,add_to_cart,2024-02-01 18:26:00,0.0
524,checkout,2024-02-01 19:15:00,0.0
525,page_view,2024-01-12 07:23:00,0.0
525,product_view,2024-01-12 07:27:00,0.0
525,sign_up,2024-01-12 07:37:00,0.0
525,add_to_cart,2024-01-12 08:34:00,0.0
525,checkout,2024-01-12 10:03:00,0.0
525,purchase,2024-01-12 10:29:00,367.03
526,page_view,2024-01-03 23:53:00,0.0
526,product_view,2024-01-04 00:02:00,0.0
527,page_view,2024-01-10 18:02:00,0.0
527,sign_up,2024-01-10 18:30:00,0.0
527,add_to_cart,2024-01-10 18:46:00,0.0
527,checkout,2024-01-10 19:40:00,0.0
527,purchase,2024-01-10 20:28:00,172.91
528,page_view,2024-01-31 17:19:00,0.0
528,category_view,2024-01-31 17:23:00,0.0
528,category_view,2024-01-31 17:39:00,0.0
528,sign_up,2024-01-31 18:46:00,0.0
528,add_to_cart,2024-01-31 19:08:00,0.0
528,checkout,2024-01-31 19:58:00,0.0
529,page_view,2024-01-21 00:51:00,0.0
529,category_view,2024-01-21 01:20:00,0.0
530,page_view,2024-01-15 13:24:00,0.0
530,sign_up,2024-01-15 13:30:00,0.0
530,add_to_cart,2024-01-15 14:18:00,0.0
530,checkout,2024-01-15 14:37:00,0.0
530,purchase,2024-01-15 16:04:00,218.79
531,page_view,2024-01-03 07:49:00,0.0
531,search,2024-01-03 08:14:00,0.0
531,sign_up,2024-01-03 09:30:00,0.0
532,page_view,2024-01-05 12:52:00,0.0
532,category_view,2024-01-05 12:57:00,0.0
532,product_view,2024-01-05 13:10:00,0.0
532,sign_up,2024-01-05 14:24:00,0.0
533,page_view,2024-01-02 00:39:00,0.0
533,category_view,2024-01-02 00:50:00,0.0
533,search,2024-01-02 01:16:00,0.0
533,sign_up,2024-01-02 02:20:00,0.0
534,page_view,2024-01-28 08:38:00,0.0
534,search,2024-01-28 09:04:00,0.0
534,category_view,2024-01-28 09:28:00,0.0
534,sign_up,2024-01-28 10:00:00,0.0
534,add_to_cart,2024-01-28 11:17:00,0.0
534,checkout,2024-01-28 11:40:00,0.0
534,purchase,2024-01-28 11:42:00,116.09
535,page_view,2024-01-21 14:16:00,0.0
535,category_view,2024-01-21 14:22:00,0.0
535,sign_up,2024-01-21 14:31:00,0.0
535,add_to_cart,2024-01-21 14:49:00,0.0
535,checkout,2024-01-21 15:03:00,0.0
535,purchase,2024-01-21 16:25:00,156.17
536,page_view,2024-01-06 02:45:00,0.0
536,search,2024-01-06 03:00:00,0.0
536,sign_up,2024-01-06 03:28:00,0.0
537,page_view,2024-01-31 20:55:00,0.0
537,product_view,2024-01-31 21:23:00,0.0
537,product_view,2024-01-31 21:28:00,0.0
537,sign_up,2024-01-31 21:52:00,0.0
538,page_view,2024-01-26 14:04:00,0.0
538,product_view,2024-01-26 14:24:00,0.0
538,sign_up,2024-01-26 15:29:00,0.0
539,page_view,2024-01-04 16:56:00,0.0
539,search,2024-01-04 17:10:00,0.0
539,sign_up,2024-01-04 17:55:00,0.0
539,add_to_cart,2024-01-04 18:15:00,0.0
540,page_view,2024-02-04 16:34:00,0.0
540,category_view,2024-02-04 16:54:00,0.0
540,search,2024-02-04 17:20:00,0.0
540,sign_up,2024-02-04 18:32:00,0.0
540,add_to_cart,2024-02-04 19:38:00,0.0
540,checkout,2024-02-04 20:15:00,0.0
540,purchase,2024-02-04 21:14:00,224.36
541,page_view,2024-01-15 14:03:00,0.0
541,product_view,2024-01-15 14:19:00,0.0
541,search,2024-01-15 14:23:00,0.0
541,sign_up,2024-01-15 15:30:00,0.0
542,page_view,2024-01-08 23:14:00,0.0
542,category_view,2024-01-08 23:23:00,0.0
542,product_view,2024-01-08 23:36:00,0.0
543,page_view,2024-01-16 02:29:00,0.0
543,product_view,2024-01-16 02:35:00,0.0
543,sign_up,2024-01-16 03:15:00,0.0
544,page_view,2024-01-23 04:29:00,0.0
544,product_view,2024-01-23 04:53:00,0.0
544,sign_up,2024-01-23 04:58:00,0.0
545,page_view,2024-01-06 09:17:00,0.0
545,product_view,2024-01-06 09:25:00,0.0
545,search,2024-01-06 09:34:00,0.0
546,page_view,2024-01-06 15:55:00,0.0
546,product_view,2024-01-06 15:58:00,0.0
546,category_view,2024-01-06 16:09:00,0.0
547,page_view,2024-01-04 03:16:00,0.0
547,sign_up,2024-01-04 03:49:00,0.0
548,page_view,2024-01-06 02:21:00,0.0
548,sign_up,2024-01-06 02:33:00,0.0
549,page_view,2024-01-03 08:59:00,0.0
549,search,2024-01-03 09:13:00,0.0
549,search,2024-01-03 09:31:00,0.0
549,sign_up,2024-01-03 10:45:00,0.0
549,add_to_cart,2024-01-03 12:09:00,0.0
550,page_view,2024-01-05 14:51:00,0.0
550,product_view,2024-01-05 15:16:00,0.0
550,category_view,2024-01-05 15:29:00,0.0
551,page_view,2024-01-14 09:56:00,0.0
551,product_view,2024-01-14 10:22:00,0.0
551,sign_up,2024-01-14 11:04:00,0.0
551,add_to_cart,2024-01-14 11:53:00,0.0
551,checkout,2024-01-14 13:09:00,0.0
551,purchase,2024-01-14 13:31:00,380.34
552,page_view,2024-01-07 22:16:00,0.0
552,search,2024-01-07 22:18:00,0.0
552,sign_up,2024-01-07 23:13:00,0.0
552,add_to_cart,2024-01-07 23:30:00,0.0
552,checkout,2024-01-07 23:49:00,0.0
553,page_view,2024-01-26 15:05:00,0.0
554,page_view,2024-01-12 12:03:00,0.0
554,product_view,2024-01-12 12:25:00,0.0
554,category_view,2024-01-12 12:51:00,0.0
554,sign_up,2024-01-12 14:11:00,0.0
554,add_to_cart,2024-01-12 14:19:00,0.0
554,checkout,2024-01-12 15:06:00,0.0
554,purchase,2024-01-12 15:19:00,175.99
555,page_view,2024-01-17 16:55:00,0.0
555,sign_up,2024-01-17 18:16:00,0.0
555,add_to_cart,2024-01-17 19:04:00,0.0
556,page_view,2024-01-30 22:15:00,0.0
556,category_view,2024-01-30 22:25:00,0.0
556,sign_up,2024-01-30 23:03:00,0.0
557,page_view,2024-01-15 03:46:00,0.0
557,category_view,2024-01-15 04:06:00,0.0
557,sign_up,2024-01-15 04:28:00,0.0
558,page_view,2024-01-27 22:51:00,0.0
558,sign_up,2024-01-28 00:02:00,0.0
558,add_to_cart,2024-01-28 00:05:00,0.0
558,checkout,2024-01-28 00:22:00,0.0
558,purchase,2024-01-28 01:17:00,33.18
559,page_view,2024-01-19 22:33:00,0.0
559,sign_up,2024-01-19 22:56:00,0.0
559,add_to_cart,2024-01-19 23:33:00,0.0
559,checkout,2024-01-19 23:53:00,0.0
559,purchase,2024-01-20 01:13:00,333.9
560,page_view,2024-01-09 03:49:00,0.0
560,category_view,2024-01-09 03:54:00,0.0
561,page_view,2024-01-22 03:28:00,0.0
561,product_view,2024-01-22 03:41:00,0.0
561,sign_up,2024-01-22 03:49:00,0.0
561,add_to_cart,2024-01-22 04:21:00,0.0
561,checkout,2024-01-22 05:19:00,0.0
561,purchase,2024-01-22 05:51:00,129.99
562,page_view,2024-02-01 01:58:00,0.0
562,product_view,2024-02-01 02:00:00,0.0
562,sign_up,2024-02-01 02:18:00,0.0
563,page_view,2024-01-16 13:38:00,0.0
563,sign_up,2024-01-16 15:07:00,0.0
564,page_view,2024-01-21 03:06:00,0.0
564,product_view,2024-01-21 03:21:00,0.0
564,sign_up,2024-01-21 04:43:00,0.0
565,page_view,2024-01-28 00:46:00,0.0
566,page_view,2024-01-02 09:23:00,0.0
566,category_view,2024-01-02 09:49:00,0.0
566,product_view,2024-01-02 09:57:00,0.0
567,page_view,2024-01-03 11:02:00,0.0
567,search,2024-01-03 11:29:00,0.0
568,page_view,2024-01-16 01:59:00,0.0
568,product_view,2024-01-16 02:19:00,0.0
568,sign_up,2024-01-16 02:30:00,0.0
569,page_view,2024-02-02 12:55:00,0.0
570,page_view,2024-01-16 12:21:00,0.0
571,page_view,2024-01-27 08:15:00,0.0
571,search,2024-01-27 08:41:00,0.0
572,page_view,2024-01-09 11:25:00,0.0
573,page_view,2024-02-03 15:19:00,0.0
573,product_view,2024-02-03 15:47:00,0.0
573,category_view,2024-02-03 15:48:00,0.0
573,sign_up,2024-02-03 16:13:00,0.0
574,page_view,2024-01-02 13:01:00,0.0
575,page_view,2024-01-28 19:38:00,0.0
575,sign_up,2024-01-28 20:57:00,0.0
576,page_view,2024-01-24 13:33:00,0.0
576,product_view,2024-01-24 13:45:00,0.0
576,sign_up,2024-01-24 14:22:00,0.0
577,page_view,2024-01-22 13:15:00,0.0
578,page_view,2024-01-25 00:44:00,0.0
578,category_view,2024-01-25 00:50:00,0.0
578,sign_up,2024-01-25 01:07:00,0.0
578,add_to_cart,2024-01-25 02:16:00,0.0
578,checkout,2024-01-25 03:35:00,0.0
578,purchase,2024-01-25 04:54:00,296.94
579,page_view,2024-01-16 16:44:00,0.0
579,search,2024-01-16 16:58:00,0.0
579,product_view,2024-01-16 17:05:00,0.0
579,sign_up,2024-01-16 17:50:00,0.0
580,page_view,2024-02-03 04:44:00,0.0
580,category_view,2024-02-03 05:04:00,0.0
580,category_view,2024-02-03 05:12:00,0.0
580,sign_up,2024-02-03 05:56:00,0.0
580,add_to_cart,2024-02-03 06:28:00,0.0
580,checkout,2024-02-03 07:52:00,0.0
580,purchase,2024-02-03 08:55:00,225.31
581,page_view,2024-01-13 19:34:00,0.0
581,sign_up,2024-01-13 20:45:00,0.0
582,page_view,2024-01-31 21:01:00,0.0
583,page_view,2024-01-27 07:54:00,0.0
583,sign_up,2024-01-27 09:22:00,0.0
583,add_to_cart,2024-01-27 10:02:00,0.0
584,page_view,2024-01-24 10:28:00,0.0
584,category_view,2024-01-24 10:54:00,0.0
585,page_view,2024-01-03 00:57:00,0.0
585,sign_up,2024-01-03 02:19:00,0.0
586,page_view,2024-01-20 05:07:00,0.0
587,page_view,2024-02-02 02:59:00,0.0
587,category_view,2024-02-02 03:04:00,0.0
587,search,2024-02-02 03:16:00,0.0
587,sign_up,2024-02-02 03:56:00,0.0
588,page_view,2024-01-19 05:26:00,0.0
589,page_view,2024-01-13 21:27:00,0.0
589,search,2024-01-13 21:48:00,0.0
589,category_view,2024-01-13 22:10:00,0.0
589,sign_up,2024-01-13 23:23:00,0.0
590,page_view,2024-01-26 22:42:00,0.0
590,sign_up,2024-01-26 23:03:00,0.0
591,page_view,2024-01-12 14:30:00,0.0
591,category_view,2024-01-12 14:44:00,0.0
591,product_view,2024-01-12 15:10:00,0.0
592,page_view,2024-02-03 10:18:00,0.0
592,product_view,2024-02-03 10:32:00,0.0
593,page_view,2024-01-28 00:34:00,0.0
593,product_view,2024-01-28 00:54:00,0.0
593,category_view,2024-01-28 01:09:00,0.0
594,page_view,2024-01-04 11:25:00,0.0
594,category_view,2024-01-04 11:39:00,0.0
595,page_view,2024-01-24 15:56:00,0.0
596,page_view,2024-01-04 10:31:00,0.0
597,page_view,2024-01-11 21:40:00,0.0
597,category_view,2024-01-11 21:53:00,0.0
597,category_view,2024-01-11 22:11:00,0.0
598,page_view,2024-01-26 21:28:00,0.0
598,product_view,2024-01-26 21:29:00,0.0
598,category_view,2024-01-26 21:43:00,0.0
599,page_view,2024-01-17 02:15:00,0.0
599,search,2024-01-17 02:35:00,0.0
600,page_view,2024-01-25 18:37:00,0.0
600,category_view,2024-01-25 19:04:00,0.0
